{
  "newton_rows": [
    {
      "accepted_state_index": 2,
      "assembly_time": 0.27743921200004706,
      "bc_elimination_time": 0.00034826900002826733,
      "block_build_time": 47.26999620600003,
      "block_pc_name": "fieldsplit_schur_lower_selfp_ilu",
      "build_path": "current",
      "contact_block_assembly_time": 0.2587553349999894,
      "global_matrix_allocation_time": 47.06866303300001,
      "global_matrix_fill_time": 47.06866303300001,
      "global_rhs_build_time": 0.002045382000005702,
      "ksp_reason": 3,
      "ksp_setup_time": 0.26416894800001955,
      "ksp_solve_time": 0.035189491000096496,
      "ksp_type": "gmres",
      "linear_iterations": 2,
      "linear_solve_time": 0.2994770800000879,
      "linear_solver_mode": "krylov",
      "load_value": 0.02,
      "mesh_resolution": "4x4x4",
      "mode": "baseline",
      "ndof_phi": 729,
      "ndof_u": 375,
      "newton_iteration_within_load": 1,
      "newton_step_walltime": 48.399731488999976,
      "nnz_Jphiphi": 0,
      "nnz_Jphiu": 0,
      "nnz_Juphi": 0,
      "nnz_Juu": 0,
      "nnz_global": 0,
      "outer_residual_norm_after_linear": 3.464326321892378e-05,
      "outer_residual_norm_before_linear": 0.004040188733215321,
      "pc_type": "fieldsplit",
      "petsc_object_setup_time": 0.0,
      "phi_block_assembly_time": 0.2065403530000367,
      "relative_linear_reduction": 0.008574664577947448,
      "reused_fieldsplit_is": false,
      "reused_global_matrix": false,
      "reused_global_rhs_vec": false,
      "reused_ksp": false,
      "reused_subksp": false,
      "state_update_time": 0.5525710289999779,
      "struct_block_assembly_time": 0.006897565000031136,
      "total_dofs": 1104
    },
    {
      "accepted_state_index": 2,
      "assembly_time": 0.6152046180001207,
      "bc_elimination_time": 0.0003026840000757147,
      "block_build_time": 46.247237696999946,
      "block_pc_name": "fieldsplit_schur_lower_selfp_ilu",
      "build_path": "current",
      "contact_block_assembly_time": 0.5962800810000317,
      "global_matrix_allocation_time": 46.036293243000046,
      "global_matrix_fill_time": 46.036293243000046,
      "global_rhs_build_time": 0.008959112999946228,
      "ksp_reason": 3,
      "ksp_setup_time": 0.23845150600004672,
      "ksp_solve_time": 0.03449913999997989,
      "ksp_type": "gmres",
      "linear_iterations": 2,
      "linear_solve_time": 0.285058939999999,
      "linear_solver_mode": "krylov",
      "load_value": 0.02,
      "mesh_resolution": "4x4x4",
      "mode": "baseline",
      "ndof_phi": 729,
      "ndof_u": 375,
      "newton_iteration_within_load": 2,
      "newton_step_walltime": 47.40078161500003,
      "nnz_Jphiphi": 0,
      "nnz_Jphiu": 0,
      "nnz_Juphi": 0,
      "nnz_Juu": 0,
      "nnz_global": 0,
      "outer_residual_norm_after_linear": 3.155942834394408e-07,
      "outer_residual_norm_before_linear": 3.464326321892377e-05,
      "pc_type": "fieldsplit",
      "petsc_object_setup_time": 0.0,
      "phi_block_assembly_time": 0.2080668030000652,
      "relative_linear_reduction": 0.009109831295195324,
      "reused_fieldsplit_is": false,
      "reused_global_matrix": false,
      "reused_global_rhs_vec": false,
      "reused_ksp": false,
      "reused_subksp": false,
      "state_update_time": 0.2526831680000896,
      "struct_block_assembly_time": 0.008426167000038731,
      "total_dofs": 1104
    },
    {
      "accepted_state_index": 2,
      "assembly_time": 0.2986180670000067,
      "bc_elimination_time": 0.0003405140000722895,
      "block_build_time": 45.059283818999916,
      "block_pc_name": "fieldsplit_schur_lower_selfp_ilu",
      "build_path": "current",
      "contact_block_assembly_time": 0.2802787120000403,
      "global_matrix_allocation_time": 44.854673212999955,
      "global_matrix_fill_time": 44.854673212999955,
      "global_rhs_build_time": 0.0018438860000742352,
      "ksp_reason": 3,
      "ksp_setup_time": 0.2401829950000547,
      "ksp_solve_time": 0.03454646199998024,
      "ksp_type": "gmres",
      "linear_iterations": 2,
      "linear_solve_time": 0.27501405599991813,
      "linear_solver_mode": "krylov",
      "load_value": 0.02,
      "mesh_resolution": "4x4x4",
      "mode": "baseline",
      "ndof_phi": 729,
      "ndof_u": 375,
      "newton_iteration_within_load": 3,
      "newton_step_walltime": 45.886549134000006,
      "nnz_Jphiphi": 0,
      "nnz_Jphiu": 0,
      "nnz_Juphi": 0,
      "nnz_Juu": 0,
      "nnz_global": 0,
      "outer_residual_norm_after_linear": 2.875692981036479e-09,
      "outer_residual_norm_before_linear": 3.1559428343793775e-07,
      "pc_type": "fieldsplit",
      "petsc_object_setup_time": 0.0,
      "phi_block_assembly_time": 0.2089675739998711,
      "relative_linear_reduction": 0.009111993251937308,
      "reused_fieldsplit_is": false,
      "reused_global_matrix": false,
      "reused_global_rhs_vec": false,
      "reused_ksp": false,
      "reused_subksp": false,
      "state_update_time": 0.25310267299994393,
      "struct_block_assembly_time": 0.0073354600000357095,
      "total_dofs": 1104
    },
    {
      "accepted_state_index": 3,
      "assembly_time": 0.28976296100006493,
      "bc_elimination_time": 0.0002365610000651941,
      "block_build_time": 40.188510640000004,
      "block_pc_name": "fieldsplit_schur_lower_selfp_ilu",
      "build_path": "current",
      "contact_block_assembly_time": 0.2714541600000757,
      "global_matrix_allocation_time": 39.98753603700004,
      "global_matrix_fill_time": 39.98753603700004,
      "global_rhs_build_time": 0.0016093880000198624,
      "ksp_reason": 3,
      "ksp_setup_time": 0.2425379009999915,
      "ksp_solve_time": 0.03626247499994406,
      "ksp_type": "gmres",
      "linear_iterations": 3,
      "linear_solve_time": 0.27891421999993327,
      "linear_solver_mode": "krylov",
      "load_value": 0.04,
      "mesh_resolution": "4x4x4",
      "mode": "baseline",
      "ndof_phi": 729,
      "ndof_u": 375,
      "newton_iteration_within_load": 1,
      "newton_step_walltime": 41.00949123600003,
      "nnz_Jphiphi": 0,
      "nnz_Jphiu": 0,
      "nnz_Juphi": 0,
      "nnz_Juu": 0,
      "nnz_global": 0,
      "outer_residual_norm_after_linear": 2.9072714776776364e-05,
      "outer_residual_norm_before_linear": 0.003486726843317205,
      "pc_type": "fieldsplit",
      "petsc_object_setup_time": 0.0,
      "phi_block_assembly_time": 0.20622820400001274,
      "relative_linear_reduction": 0.00833811080799124,
      "reused_fieldsplit_is": false,
      "reused_global_matrix": false,
      "reused_global_rhs_vec": false,
      "reused_ksp": false,
      "reused_subksp": false,
      "state_update_time": 0.2520847779999258,
      "struct_block_assembly_time": 0.007250171999999111,
      "total_dofs": 1104
    },
    {
      "accepted_state_index": 3,
      "assembly_time": 0.29447790099993654,
      "bc_elimination_time": 0.0003225909999855503,
      "block_build_time": 39.08907185299995,
      "block_pc_name": "fieldsplit_schur_lower_selfp_ilu",
      "build_path": "current",
      "contact_block_assembly_time": 0.2754843369999662,
      "global_matrix_allocation_time": 38.87874038999996,
      "global_matrix_fill_time": 38.87874038999996,
      "global_rhs_build_time": 0.0018296690000170202,
      "ksp_reason": 3,
      "ksp_setup_time": 0.2483857510000007,
      "ksp_solve_time": 0.03641304500001752,
      "ksp_type": "gmres",
      "linear_iterations": 2,
      "linear_solve_time": 0.2850512559999743,
      "linear_solver_mode": "krylov",
      "load_value": 0.04,
      "mesh_resolution": "4x4x4",
      "mode": "baseline",
      "ndof_phi": 729,
      "ndof_u": 375,
      "newton_iteration_within_load": 2,
      "newton_step_walltime": 39.92169483199996,
      "nnz_Jphiphi": 0,
      "nnz_Jphiu": 0,
      "nnz_Juphi": 0,
      "nnz_Juu": 0,
      "nnz_global": 0,
      "outer_residual_norm_after_linear": 2.5329555169372425e-07,