{
  "newton_rows": [
    {
      "active_contact_points": 100,
      "active_contact_points_after": 100,
      "assembly_time": 0.44562077199998384,
      "backend": "petsc_block",
      "basis_eval_or_tabulation_time": 0.008583891001762822,
      "bc_elimination_time": 0.0013646739998876,
      "block_build_time": 0.45109974100023464,
      "block_pc_name": "global_ilu",
      "build_path": "optimized",
      "cell_geometry_cache_hit_count": 600,
      "cell_geometry_cache_miss_count": 0,
      "contact_active_filter_time": 3.858900072373217e-05,
      "contact_block_assembly_time": 0.07383283299986942,
      "contact_gap_normal_eval_time": 3.99370001105126e-05,
      "contact_geometry_eval_avg_time": 0.0005024433399876216,
      "contact_geometry_eval_call_count": 100,
      "contact_geometry_eval_time": 0.05024433399876216,
      "contact_local_residual_time": 0.0003389100006643275,
      "contact_local_tangent_uphi_call_count": 100,
      "contact_local_tangent_uphi_time": 0.0030677489994559437,
      "contact_local_tangent_uu_call_count": 100,
      "contact_local_tangent_uu_time": 0.0029101469981469563,
      "contact_quadrature_loop_time": 0.050382702000206336,
      "contact_query_avg_time": 0.0002799110499836388,
      "contact_query_cache_hit_count": 0,
      "contact_query_cache_miss_count": 100,
      "contact_query_call_count": 100,
      "contact_query_time": 0.02799110499836388,
      "contact_scatter_to_global_time": 8.507999154971913e-06,
      "contact_sensitivity_avg_time": 0.00020625131997803692,
      "contact_sensitivity_cache_hit_count": 0,
      "contact_sensitivity_cache_miss_count": 100,
      "contact_sensitivity_call_count": 100,
      "contact_sensitivity_time": 0.020625131997803692,
      "dofmap_lookup_time": 0.00013043499984632945,
      "function_cell_dof_cache_hit_count": 875,
      "function_cell_dof_cache_miss_count": 25,
      "global_matrix_allocation_time": 0.0,
      "global_matrix_fill_time": 0.0750035050000406,
      "global_rhs_build_time": 0.027598212999691896,
      "increment_norm": 0.0017575001303108283,
      "ksp_reason": 3,
      "ksp_setup_time": 0.0026934499996968952,
      "ksp_solve_time": 0.3751066710001396,
      "ksp_type": "gmres",
      "linear_converged": true,
      "linear_iterations": 1,
      "linear_solve_time": 0.37789870400001746,
      "linear_solver_mode": "krylov",
      "load_value": 0.02,
      "max_penetration": 0.02000000000000006,
      "max_penetration_after": 0.020000000000155824,
      "mesh_resolution": "5x5x5",
      "mode": "baseline",
      "ndof_phi": 1331,
      "ndof_u": 648,
      "negative_gap_sum": 0.019999999999999993,
      "negative_gap_sum_after": 0.01999999999990221,
      "newton_iteration": 1,
      "newton_step_walltime": 1.038769542999944,
      "nnz_Jphiphi": 68921,
      "nnz_Jphiu": 12168,
      "nnz_Juphi": 12147,
      "nnz_Juu": 29903,
      "nnz_global": 106755,
      "numpy_temp_allocation_time": 0.011966267999014235,
      "outer_residual_norm_after_linear": 2.7569910990471217e-05,
      "outer_residual_norm_before_linear": 0.0032599386497294673,
      "pc_type": "ilu",
      "petsc_object_setup_time": 0.0003847879997920245,
      "phi_basis_tabulation_call_count": 0,
      "phi_basis_tabulation_time": 0.0,
      "phi_block_assembly_time": 0.35369512100032807,
      "phi_convert_time_K_phi_phi": 0.01174220199982301,
      "phi_convert_time_K_phi_u": 0.005720079999719019,
      "phi_dof_lookup_call_count": 0,
      "phi_dof_lookup_time": 0.0,
      "phi_extract_time_K_phi_phi": 0.0006365459998960432,
      "phi_extract_time_K_phi_u": 0.00017368399994666106,
      "phi_form_assembly_time": 0.33079837100058285,
      "phi_form_cache_hit_count": 3,
      "phi_form_cache_miss_count": 0,
      "phi_form_call_count": 3,
      "phi_form_call_count_K_phi_phi": 1,
      "phi_form_call_count_K_phi_u": 1,
      "phi_form_call_count_R_phi": 1,
      "phi_form_time_K_phi_phi": 0.07941654100022788,
      "phi_form_time_K_phi_u": 0.2323981930003356,
      "phi_form_time_R_phi": 0.01898363700001937,
      "phi_geometry_helper_time": 0.0,
      "phi_kphiphi_convert_time": 0.01174220199982301,
      "phi_kphiphi_extract_time": 0.0006365459998960432,
      "phi_kphiphi_form_assembly_time": 0.07941654100022788,
      "phi_kphiu_convert_time": 0.005720079999719019,
      "phi_kphiu_extract_time": 0.00017368399994666106,
      "phi_kphiu_form_assembly_time": 0.2323981930003356,
      "phi_matrix_convert_call_count": 2,
      "phi_matrix_convert_call_count_K_phi_phi": 1,
      "phi_matrix_convert_call_count_K_phi_u": 1,
      "phi_matrix_convert_time": 0.01746228199954203,
      "phi_matrix_extract_call_count": 2,
      "phi_matrix_extract_call_count_K_phi_phi": 1,
      "phi_matrix_extract_call_count_K_phi_u": 1,
      "phi_matrix_extract_or_convert_time": 0.018272511999384733,
      "phi_matrix_extract_time": 0.0008102299998427043,
      "phi_residual_extract_time": 3.626999841799261e-06,
      "phi_residual_form_assembly_time": 0.01898363700001937,
      "phi_rhs_assembly_time": 0.01898363700001937,
      "phi_rhs_extract_call_count": 1,
      "phi_rhs_extract_or_convert_time": 3.626999841799261e-06,
      "phi_rhs_extract_time": 3.626999841799261e-06,
      "reaction_norm": 0.0032599386497294673,
      "reaction_norm_after": 0.0032598816648626767,
      "relative_linear_reduction": 0.008457187067848397,
      "residual_norm": 2.7569910990471217e-05,
      "residual_norm_after": 2.7569910990471217e-05,
      "residual_norm_before": 0.0032599386497294673,
      "reuse_attempted": true,
      "reuse_failed_stage": "",
      "reuse_failure_message": "",
      "reused_fieldsplit_is": false,
      "reused_global_matrix": false,
      "reused_global_rhs_vec": false,
      "reused_ksp": false,
      "reused_subksp": false,
      "state_update_time": 0.09855364400027611,
      "step_length": 1.0,
      "struct_block_assembly_time": 0.018092817999786348,
      "surface_entity_iteration_time": 0.05036386499887158,
      "used_fallback": false,
      "vector_subfunction_cache_hit_count": 200,
      "vector_subfunction_cache_miss_count": 0
    }
  ],
  "summary": {
    "avg_contact_geometry_eval_time_per_call": 0.0005024433399876216,
    "block_pc_name": "global_ilu",
    "build_path": "optimized",
    "contact_query_avg_time_per_call": 0.0002799110499836388,
    "contact_query_cache_hit_rate": 0.0,
    "contact_sensitivity_avg_time_per_call": 0.00020625131997803692,
    "contact_sensitivity_cache_hit_rate": 0.0,
    "final_max_penetration": 0.020000000000155824,
    "final_reaction_norm": 0.0032598816648626767,
    "final_residual_norm": 2.7569910990471217e-05,
    "ksp_type": "gmres",
    "linear_solver_mode": "krylov",
    "mesh_resolution": "5x5x5",
    "mode": "baseline",
    "ndof_phi": 1331,
    "ndof_u": 648,
    "newton_iterations": 1,
    "pc_type": "ilu",
    "phi_cache_prime_enabled": true,
    "phi_cache_prime_time": 0.01323637699988467,
    "phi_form_cache_hit_rate": 1.0,
    "phi_profile_mode": "full",
    "phi_scatter_reuse": false,
    "single_newton_benchmark": true,
    "target_load": 0.02,
    "total_assembly_time": 0.44562077199998384,
    "total_basis_eval_or_tabulation_time": 0.008583891001762822,
    "total_block_build_time": 0.45109974100023464,
    "total_cell_geometry_cache_hit_count": 600,
    "total_cell_geometry_cache_miss_count": 0,
    "total_contact_active_filter_time": 3.858900072373217e-05,
    "total_contact_block_assembly_time": 0.07383283299986942,
    "total_contact_gap_normal_eval_time": 3.99370001105126e-05,
    "total_contact_geometry_eval_avg_time": 0.0005024433399876216,
    "total_contact_geometry_eval_call_count": 100,
    "total_contact_geometry_eval_time": 0.05024433399876216,
    "total_contact_local_residual_time": 0.0003389100006643275,
    "total_contact_local_tangent_uphi_call_count": 100,
    "total_contact_local_tangent_uphi_time": 0.0030677489994559437,
    "total_contact_local_tangent_uu_call_count": 100,