{
  "rows": [
    {
      "bc_elimination_time": 0.0016531009999880553,
      "block_pc_name": "global_ilu",
      "build_path": "optimized",
      "contact_block_assembly_time": 2.0200727809999535,
      "global_matrix_allocation_time": 0.0,
      "global_matrix_fill_time": 0.07609082099997977,
      "global_rhs_build_time": 0.028308013999890136,
      "ksp_reason": 3,
      "ksp_setup_time": 0.0028040450000617057,
      "ksp_solve_time": 0.38074392900000475,
      "label": "gmres_ilu",
      "linear_iterations": 1,
      "linear_solve_time": 0.383651427000018,
      "linear_solver_mode": "krylov",
      "mesh_resolution": "5x5x5",
      "mode": "baseline",
      "ndof_phi": 1331,
      "ndof_u": 648,
      "newton_iterations": 1,
      "newton_step_walltime": 4.682187330999909,
      "nnz_Jphiphi": 68921,
      "nnz_Jphiu": 12168,
      "nnz_Juphi": 12057,
      "nnz_Juu": 29902,
      "nnz_global": 106704,
      "outer_residual_norm_after_linear": 2.756991099047234e-05,
      "outer_residual_norm_before_linear": 0.0032599386497294677,
      "pc_type": "ilu",
      "petsc_object_setup_time": 0.00050248599995939,
      "phi_block_assembly_time": 0.38470560099995055,
      "relative_linear_reduction": 0.008457187067848742,
      "state_update_time": 1.7537893200000099,
      "struct_block_assembly_time": 0.021185840999919492,
      "total_dofs": 1979
    },
    {
      "bc_elimination_time": 0.0014930830000139395,
      "block_pc_name": "fieldsplit_schur_lower_selfp_ilu",
      "build_path": "optimized",
      "contact_block_assembly_time": 1.002319424999996,
      "global_matrix_allocation_time": 0.0,
      "global_matrix_fill_time": 0.04524746200002028,
      "global_rhs_build_time": 0.006966303000012886,
      "ksp_reason": 3,
      "ksp_setup_time": 1.321688111999947,
      "ksp_solve_time": 0.16760182999996687,
      "label": "fieldsplit_schur_lower_selfp_ilu",
      "linear_iterations": 2,
      "linear_solve_time": 1.4894003470000143,
      "linear_solver_mode": "krylov",
      "mesh_resolution": "5x5x5",
      "mode": "baseline",
      "ndof_phi": 1331,
      "ndof_u": 648,
      "newton_iterations": 1,
      "newton_step_walltime": 3.514785546999974,
      "nnz_Jphiphi": 68921,
      "nnz_Jphiu": 12168,
      "nnz_Juphi": 12057,
      "nnz_Juu": 29902,
      "nnz_global": 106704,
      "outer_residual_norm_after_linear": 2.7569911995818887e-05,
      "outer_residual_norm_before_linear": 0.0032599386497294677,
      "pc_type": "fieldsplit",
      "petsc_object_setup_time": 0.0014660120000371535,
      "phi_block_assembly_time": 0.3608554139999569,
      "relative_linear_reduction": 0.008457187376243055,
      "state_update_time": 0.5824997959999791,
      "struct_block_assembly_time": 0.010942721999981586,
      "total_dofs": 1979
    }
  ]
}