{
  "newton_rows": [
    {
      "active_contact_points": 100,
      "active_contact_points_after": 100,
      "assembly_time": 0.4333683380000366,
      "backend": "petsc_block",
      "basis_eval_or_tabulation_time": 0.009562379004819377,
      "bc_elimination_time": 0.0014308260001598683,
      "block_build_time": 0.44750975800025117,
      "block_pc_name": "global_ilu",
      "build_path": "optimized",
      "cell_geometry_cache_hit_count": 600,
      "cell_geometry_cache_miss_count": 0,
      "contact_active_filter_time": 4.7922001613187604e-05,
      "contact_block_assembly_time": 0.07993939100015268,
      "contact_gap_normal_eval_time": 4.4712997350870864e-05,
      "contact_geometry_eval_avg_time": 0.0005355869900131438,
      "contact_geometry_eval_call_count": 100,
      "contact_geometry_eval_time": 0.05355869900131438,
      "contact_local_residual_time": 0.0003597310023906175,
      "contact_local_tangent_uphi_call_count": 100,
      "contact_local_tangent_uphi_time": 0.003249726997637481,
      "contact_local_tangent_uu_call_count": 100,
      "contact_local_tangent_uu_time": 0.0031027470017761516,
      "contact_quadrature_loop_time": 0.05372109000018099,
      "contact_query_avg_time": 0.0002875851700082421,
      "contact_query_cache_hit_count": 0,
      "contact_query_cache_miss_count": 100,
      "contact_query_call_count": 100,
      "contact_query_time": 0.028758517000824213,
      "contact_scatter_to_global_time": 1.0041997938969871e-05,
      "contact_sensitivity_avg_time": 0.00022988835001342523,
      "contact_sensitivity_cache_hit_count": 0,
      "contact_sensitivity_cache_miss_count": 100,
      "contact_sensitivity_call_count": 100,
      "contact_sensitivity_time": 0.022988835001342522,
      "dofmap_lookup_time": 0.0001468719992772094,
      "function_cell_dof_cache_hit_count": 875,
      "function_cell_dof_cache_miss_count": 25,
      "global_matrix_allocation_time": 0.0,
      "global_matrix_fill_time": 0.08025652999958766,
      "global_rhs_build_time": 0.03006708199973218,
      "increment_norm": 0.0017575001303108283,
      "ksp_reason": 3,
      "ksp_setup_time": 8.802399997875909e-05,
      "ksp_solve_time": 0.38463849700019637,
      "ksp_type": "gmres",
      "linear_converged": true,
      "linear_iterations": 1,
      "linear_solve_time": 0.38482894199978546,
      "linear_solver_mode": "krylov",
      "load_value": 0.02,
      "max_penetration": 0.02000000000000006,
      "max_penetration_after": 0.020000000000155824,
      "mesh_resolution": "5x5x5",
      "mode": "baseline",
      "ndof_phi": 1331,
      "ndof_u": 648,
      "negative_gap_sum": 0.019999999999999993,
      "negative_gap_sum_after": 0.01999999999990221,
      "newton_iteration": 1,
      "newton_step_walltime": 1.0432329159998517,
      "nnz_Jphiphi": 68921,
      "nnz_Jphiu": 12168,
      "nnz_Juphi": 12147,
      "nnz_Juu": 29903,
      "nnz_global": 106755,
      "numpy_temp_allocation_time": 0.01239115899306853,
      "outer_residual_norm_after_linear": 2.7569910990471217e-05,
      "outer_residual_norm_before_linear": 0.0032599386497294673,
      "pc_type": "ilu",
      "petsc_object_setup_time": 0.0003749789998437336,
      "phi_basis_tabulation_call_count": 0,
      "phi_basis_tabulation_time": 0.0,
      "phi_block_assembly_time": 0.33877732299970376,
      "phi_convert_time_K_phi_phi": 0.012178925999705825,
      "phi_convert_time_K_phi_u": 0.005774549999841838,
      "phi_dof_lookup_call_count": 0,
      "phi_dof_lookup_time": 0.0,
      "phi_extract_time_K_phi_phi": 0.0007018780001999403,
      "phi_extract_time_K_phi_u": 0.00017934399966179626,
      "phi_form_assembly_time": 0.3132347360001404,
      "phi_form_cache_hit_count": 3,
      "phi_form_cache_miss_count": 0,
      "phi_form_call_count": 3,
      "phi_form_call_count_K_phi_phi": 1,
      "phi_form_call_count_K_phi_u": 1,
      "phi_form_call_count_R_phi": 1,
      "phi_form_time_K_phi_phi": 0.06634163099988655,
      "phi_form_time_K_phi_u": 0.2311066620004567,
      "phi_form_time_R_phi": 0.015786442999797146,
      "phi_geometry_helper_time": 0.0,
      "phi_kphiphi_convert_time": 0.012178925999705825,
      "phi_kphiphi_extract_time": 0.0007018780001999403,
      "phi_kphiphi_form_assembly_time": 0.06634163099988655,
      "phi_kphiu_convert_time": 0.005774549999841838,
      "phi_kphiu_extract_time": 0.00017934399966179626,
      "phi_kphiu_form_assembly_time": 0.2311066620004567,
      "phi_matrix_convert_call_count": 2,
      "phi_matrix_convert_call_count_K_phi_phi": 1,
      "phi_matrix_convert_call_count_K_phi_u": 1,
      "phi_matrix_convert_time": 0.017953475999547663,
      "phi_matrix_extract_call_count": 2,
      "phi_matrix_extract_call_count_K_phi_phi": 1,
      "phi_matrix_extract_call_count_K_phi_u": 1,
      "phi_matrix_extract_or_convert_time": 0.0188346979994094,
      "phi_matrix_extract_time": 0.0008812219998617365,
      "phi_residual_extract_time": 4.63800006400561e-06,
      "phi_residual_form_assembly_time": 0.015786442999797146,
      "phi_rhs_assembly_time": 0.015786442999797146,
      "phi_rhs_extract_call_count": 1,
      "phi_rhs_extract_or_convert_time": 4.63800006400561e-06,
      "phi_rhs_extract_time": 4.63800006400561e-06,
      "reaction_norm": 0.0032599386497294673,
      "reaction_norm_after": 0.0032598816648626767,
      "relative_linear_reduction": 0.008457187067848397,
      "residual_norm": 2.7569910990471217e-05,
      "residual_norm_after": 2.7569910990471217e-05,
      "residual_norm_before": 0.0032599386497294673,
      "reuse_attempted": true,
      "reuse_failed_stage": "",
      "reuse_failure_message": "",
      "reused_fieldsplit_is": false,
      "reused_global_matrix": false,
      "reused_global_rhs_vec": false,
      "reused_ksp": false,
      "reused_subksp": false,
      "state_update_time": 0.10017883900036395,
      "step_length": 1.0,
      "struct_block_assembly_time": 0.014651624000180163,
      "surface_entity_iteration_time": 0.05369799999789393,
      "used_fallback": false,
      "vector_subfunction_cache_hit_count": 200,
      "vector_subfunction_cache_miss_count": 0
    }
  ],
  "summary": {
    "avg_contact_geometry_eval_time_per_call": 0.0005355869900131438,
    "block_pc_name": "global_ilu",
    "build_path": "optimized",
    "contact_query_avg_time_per_call": 0.0002875851700082421,
    "contact_query_cache_hit_rate": 0.0,
    "contact_sensitivity_avg_time_per_call": 0.00022988835001342523,
    "contact_sensitivity_cache_hit_rate": 0.0,
    "final_max_penetration": 0.020000000000155824,
    "final_reaction_norm": 0.0032598816648626767,
    "final_residual_norm": 2.7569910990471217e-05,
    "ksp_type": "gmres",
    "linear_solver_mode": "krylov",
    "mesh_resolution": "5x5x5",
    "mode": "baseline",
    "ndof_phi": 1331,
    "ndof_u": 648,
    "newton_iterations": 1,
    "pc_type": "ilu",
    "phi_cache_prime_enabled": true,
    "phi_cache_prime_time": 0.00609222499997486,
    "phi_form_cache_hit_rate": 1.0,
    "phi_matrix_assembly_backend": "python",
    "phi_profile_mode": "full",
    "phi_scatter_reuse": true,
    "single_newton_benchmark": true,
    "target_load": 0.02,
    "total_assembly_time": 0.4333683380000366,
    "total_basis_eval_or_tabulation_time": 0.009562379004819377,
    "total_block_build_time": 0.44750975800025117,
    "total_cell_geometry_cache_hit_count": 600,
    "total_cell_geometry_cache_miss_count": 0,
    "total_contact_active_filter_time": 4.7922001613187604e-05,
    "total_contact_block_assembly_time": 0.07993939100015268,
    "total_contact_gap_normal_eval_time": 4.4712997350870864e-05,
    "total_contact_geometry_eval_avg_time": 0.0005355869900131438,
    "total_contact_geometry_eval_call_count": 100,
    "total_contact_geometry_eval_time": 0.05355869900131438,
    "total_contact_local_residual_time": 0.0003597310023906175,
    "total_contact_local_tangent_uphi_call_count": 100,
    "total_contact_local_tangent_uphi_time": 0.003249726997637481,