{
  "newton_rows": [
    {
      "active_contact_points": 100,
      "active_contact_points_after": 100,
      "assembly_time": 0.4298685649999925,
      "backend": "petsc_block",
      "basis_eval_or_tabulation_time": 0.009241901000791586,
      "bc_elimination_time": 0.0013485830000945498,
      "block_build_time": 0.4354833789999475,
      "block_pc_name": "global_ilu",
      "build_path": "optimized",
      "cell_geometry_cache_hit_count": 600,
      "cell_geometry_cache_miss_count": 0,
      "contact_active_filter_time": 4.3021999999837135e-05,
      "contact_block_assembly_time": 0.07843892500000038,
      "contact_gap_normal_eval_time": 4.285100033030176e-05,
      "contact_geometry_eval_avg_time": 0.0005269509599997946,
      "contact_geometry_eval_call_count": 100,
      "contact_geometry_eval_time": 0.05269509599997946,
      "contact_local_residual_time": 0.00034942600018439407,
      "contact_local_tangent_uphi_call_count": 100,
      "contact_local_tangent_uphi_time": 0.0032321850003427244,
      "contact_local_tangent_uu_call_count": 100,
      "contact_local_tangent_uu_time": 0.002967039000054683,
      "contact_quadrature_loop_time": 0.052850758999966274,
      "contact_query_avg_time": 0.00028161736999663843,
      "contact_query_cache_hit_count": 0,
      "contact_query_cache_miss_count": 100,
      "contact_query_call_count": 100,
      "contact_query_time": 0.028161736999663844,
      "contact_scatter_to_global_time": 9.66100071764231e-06,
      "contact_sensitivity_avg_time": 0.00022674256000073,
      "contact_sensitivity_cache_hit_count": 0,
      "contact_sensitivity_cache_miss_count": 100,
      "contact_sensitivity_call_count": 100,
      "contact_sensitivity_time": 0.022674256000073,
      "dofmap_lookup_time": 0.00015791400005582545,
      "function_cell_dof_cache_hit_count": 875,
      "function_cell_dof_cache_miss_count": 25,
      "global_matrix_allocation_time": 0.0,
      "global_matrix_fill_time": 0.07499783299999763,
      "global_rhs_build_time": 0.027917655999999624,
      "increment_norm": 0.0017575001303108283,
      "ksp_reason": 3,
      "ksp_setup_time": 0.00010818200007634005,
      "ksp_solve_time": 0.3648406199999954,
      "ksp_type": "gmres",
      "linear_converged": true,
      "linear_iterations": 1,
      "linear_solve_time": 0.36507467700005236,
      "linear_solver_mode": "krylov",
      "load_value": 0.02,
      "max_penetration": 0.02000000000000006,
      "max_penetration_after": 0.020000000000155824,
      "mesh_resolution": "5x5x5",
      "mode": "baseline",
      "ndof_phi": 1331,
      "ndof_u": 648,
      "negative_gap_sum": 0.019999999999999993,
      "negative_gap_sum_after": 0.01999999999990221,
      "newton_iteration": 1,
      "newton_step_walltime": 1.0076800479999974,
      "nnz_Jphiphi": 68921,
      "nnz_Jphiu": 12168,
      "nnz_Juphi": 12147,
      "nnz_Juu": 29903,
      "nnz_global": 106755,
      "numpy_temp_allocation_time": 0.012075790999119818,
      "outer_residual_norm_after_linear": 2.7569910990471217e-05,
      "outer_residual_norm_before_linear": 0.0032599386497294673,
      "pc_type": "ilu",
      "petsc_object_setup_time": 0.00033478399996056396,
      "phi_basis_tabulation_call_count": 0,
      "phi_basis_tabulation_time": 0.0,
      "phi_block_assembly_time": 0.33486445999994885,
      "phi_convert_time_K_phi_phi": 0.0,
      "phi_convert_time_K_phi_u": 0.0,
      "phi_dof_lookup_call_count": 0,
      "phi_dof_lookup_time": 0.0,
      "phi_extract_time_K_phi_phi": 0.0,
      "phi_extract_time_K_phi_u": 0.0,
      "phi_form_assembly_time": 0.31007958199984387,
      "phi_form_cache_hit_count": 3,
      "phi_form_cache_miss_count": 0,
      "phi_form_call_count": 3,
      "phi_form_call_count_K_phi_phi": 0,
      "phi_form_call_count_K_phi_u": 0,
      "phi_form_call_count_R_phi": 0,
      "phi_form_time_K_phi_phi": 0.0,
      "phi_form_time_K_phi_u": 0.0,
      "phi_form_time_R_phi": 0.0,
      "phi_geometry_helper_time": 0.0,
      "phi_kphiphi_convert_time": 0.012677215000053366,
      "phi_kphiphi_extract_time": 0.0006551410000383839,
      "phi_kphiphi_form_assembly_time": 0.06838406799988661,
      "phi_kphiu_convert_time": 0.005800949999979821,
      "phi_kphiu_extract_time": 0.00017578799997863825,
      "phi_kphiu_form_assembly_time": 0.22611563999998907,
      "phi_matrix_convert_call_count": 2,
      "phi_matrix_convert_call_count_K_phi_phi": 0,
      "phi_matrix_convert_call_count_K_phi_u": 0,
      "phi_matrix_convert_time": 0.018478165000033187,
      "phi_matrix_extract_call_count": 2,
      "phi_matrix_extract_call_count_K_phi_phi": 0,
      "phi_matrix_extract_call_count_K_phi_u": 0,
      "phi_matrix_extract_or_convert_time": 0.01930909400005021,
      "phi_matrix_extract_time": 0.0008309290000170222,
      "phi_residual_extract_time": 4.0580000586487586e-06,
      "phi_residual_form_assembly_time": 0.015579873999968186,
      "phi_rhs_assembly_time": 0.015579873999968186,
      "phi_rhs_extract_call_count": 1,
      "phi_rhs_extract_or_convert_time": 4.0580000586487586e-06,
      "phi_rhs_extract_time": 4.0580000586487586e-06,
      "reaction_norm": 0.0032599386497294673,
      "reaction_norm_after": 0.0032598816648626767,
      "relative_linear_reduction": 0.008457187067848397,
      "residual_norm": 2.7569910990471217e-05,
      "residual_norm_after": 2.7569910990471217e-05,
      "residual_norm_before": 0.0032599386497294673,
      "reuse_attempted": true,
      "reuse_failed_stage": "",
      "reuse_failure_message": "",
      "reused_fieldsplit_is": false,
      "reused_global_matrix": false,
      "reused_global_rhs_vec": false,
      "reused_ksp": false,
      "reused_subksp": false,
      "state_update_time": 0.09620419200007291,
      "step_length": 1.0,
      "struct_block_assembly_time": 0.016565180000043256,
      "surface_entity_iteration_time": 0.0528277739999794,
      "used_fallback": false,
      "vector_subfunction_cache_hit_count": 200,
      "vector_subfunction_cache_miss_count": 0
    }
  ],
  "summary": {
    "avg_contact_geometry_eval_time_per_call": 0.0005269509599997946,
    "block_pc_name": "global_ilu",
    "build_path": "optimized",
    "contact_query_avg_time_per_call": 0.00028161736999663843,
    "contact_query_cache_hit_rate": 0.0,
    "contact_sensitivity_avg_time_per_call": 0.00022674256000073,
    "contact_sensitivity_cache_hit_rate": 0.0,
    "final_max_penetration": 0.020000000000155824,
    "final_reaction_norm": 0.0032598816648626767,
    "final_residual_norm": 2.7569910990471217e-05,
    "ksp_type": "gmres",
    "linear_solver_mode": "krylov",
    "mesh_resolution": "5x5x5",
    "mode": "baseline",
    "ndof_phi": 1331,
    "ndof_u": 648,
    "newton_iterations": 1,
    "pc_type": "ilu",
    "phi_cache_prime_enabled": true,
    "phi_cache_prime_time": 0.007273324000038883,
    "phi_form_cache_hit_rate": 1.0,
    "phi_profile_mode": "light",
    "phi_scatter_reuse": true,
    "single_newton_benchmark": true,
    "target_load": 0.02,
    "total_assembly_time": 0.4298685649999925,
    "total_basis_eval_or_tabulation_time": 0.009241901000791586,
    "total_block_build_time": 0.4354833789999475,
    "total_cell_geometry_cache_hit_count": 600,
    "total_cell_geometry_cache_miss_count": 0,
    "total_contact_active_filter_time": 4.3021999999837135e-05,
    "total_contact_block_assembly_time": 0.07843892500000038,
    "total_contact_gap_normal_eval_time": 4.285100033030176e-05,
    "total_contact_geometry_eval_avg_time": 0.0005269509599997946,
    "total_contact_geometry_eval_call_count": 100,
    "total_contact_geometry_eval_time": 0.05269509599997946,
    "total_contact_local_residual_time": 0.00034942600018439407,
    "total_contact_local_tangent_uphi_call_count": 100,
    "total_contact_local_tangent_uphi_time": 0.0032321850003427244,
    "total_contact_local_tangent_uu_call_count": 100,
    "total_contact_local_tangent_uu_time": 0.002967039000054683,