{
  "newton_rows": [
    {
      "accepted_state_index": 2,
      "assembly_time": 0.312248258000011,
      "bc_elimination_time": 0.00026383200003010643,
      "block_build_time": 0.24843632900001467,
      "block_pc_name": "global_ilu",
      "build_path": "optimized",
      "contact_block_assembly_time": 0.2930602320000162,
      "global_matrix_allocation_time": 0.0,
      "global_matrix_fill_time": 0.0253953049999609,
      "global_rhs_build_time": 0.0018272360000537446,
      "ksp_reason": 3,
      "ksp_setup_time": 7.155399998737266e-05,
      "ksp_solve_time": 0.08082550900002161,
      "ksp_type": "gmres",
      "linear_iterations": 1,
      "linear_solve_time": 0.08101765800000749,
      "linear_solver_mode": "krylov",
      "load_value": 0.02,
      "mesh_resolution": "4x4x4",
      "mode": "baseline",
      "ndof_phi": 729,
      "ndof_u": 375,
      "newton_iteration_within_load": 1,
      "newton_step_walltime": 1.2451508600000238,
      "nnz_Jphiphi": 0,
      "nnz_Jphiu": 0,
      "nnz_Juphi": 0,
      "nnz_Juu": 0,
      "nnz_global": 0,
      "outer_residual_norm_after_linear": 3.464326148051463e-05,
      "outer_residual_norm_before_linear": 0.004040188733215321,
      "pc_type": "ilu",
      "petsc_object_setup_time": 4.3681000022388616e-05,
      "phi_block_assembly_time": 0.22825617999995984,
      "relative_linear_reduction": 0.008574664147668254,
      "reused_fieldsplit_is": false,
      "reused_global_matrix": false,
      "reused_global_rhs_vec": false,
      "reused_ksp": false,
      "reused_subksp": false,
      "state_update_time": 0.6031832799999961,
      "struct_block_assembly_time": 0.007716060000007019,
      "total_dofs": 1104
    },
    {
      "accepted_state_index": 2,
      "assembly_time": 0.6723324370000228,
      "bc_elimination_time": 0.0003478990000189697,
      "block_build_time": 0.23388261699994928,
      "block_pc_name": "global_ilu",
      "build_path": "optimized",
      "contact_block_assembly_time": 0.6517488669999807,
      "global_matrix_allocation_time": 0.0,
      "global_matrix_fill_time": 0.025154116999999587,
      "global_rhs_build_time": 0.002162931999976081,
      "ksp_reason": 3,
      "ksp_setup_time": 1.9084999962615257e-05,
      "ksp_solve_time": 0.06815106700003071,
      "ksp_type": "gmres",
      "linear_iterations": 1,
      "linear_solve_time": 0.06828783199995314,
      "linear_solver_mode": "krylov",
      "load_value": 0.02,
      "mesh_resolution": "4x4x4",
      "mode": "baseline",
      "ndof_phi": 729,
      "ndof_u": 375,
      "newton_iteration_within_load": 2,
      "newton_step_walltime": 1.2497320379999906,
      "nnz_Jphiphi": 0,
      "nnz_Jphiu": 0,
      "nnz_Juphi": 0,
      "nnz_Juu": 0,
      "nnz_global": 0,
      "outer_residual_norm_after_linear": 3.1559426103524963e-07,
      "outer_residual_norm_before_linear": 3.4643261480514616e-05,
      "pc_type": "ilu",
      "petsc_object_setup_time": 4.5154000019920204e-05,
      "phi_block_assembly_time": 0.21424437800004625,
      "relative_linear_reduction": 0.00910983110561799,
      "reused_fieldsplit_is": false,
      "reused_global_matrix": false,
      "reused_global_rhs_vec": false,
      "reused_ksp": false,
      "reused_subksp": false,
      "state_update_time": 0.27460358599995516,
      "struct_block_assembly_time": 0.008494711000025745,
      "total_dofs": 1104
    },
    {
      "accepted_state_index": 2,
      "assembly_time": 0.3272748760000468,
      "bc_elimination_time": 0.0002904510000121263,
      "block_build_time": 0.2509311270000012,
      "block_pc_name": "global_ilu",
      "build_path": "optimized",
      "contact_block_assembly_time": 0.3078629980000187,
      "global_matrix_allocation_time": 0.0,
      "global_matrix_fill_time": 0.026667437000014615,
      "global_rhs_build_time": 0.0018536350000317725,
      "ksp_reason": 3,
      "ksp_setup_time": 1.845499997443767e-05,
      "ksp_solve_time": 0.07245618100000684,
      "ksp_type": "gmres",
      "linear_iterations": 1,
      "linear_solve_time": 0.07258331700001008,
      "linear_solver_mode": "krylov",
      "load_value": 0.02,
      "mesh_resolution": "4x4x4",
      "mode": "baseline",
      "ndof_phi": 729,
      "ndof_u": 375,
      "newton_iteration_within_load": 3,
      "newton_step_walltime": 0.9150662189999821,
      "nnz_Jphiphi": 0,
      "nnz_Jphiu": 0,
      "nnz_Juphi": 0,
      "nnz_Juu": 0,
      "nnz_global": 0,
      "outer_residual_norm_after_linear": 2.875692730773067e-09,
      "outer_residual_norm_before_linear": 3.155942610337466e-07,
      "pc_type": "ilu",
      "petsc_object_setup_time": 4.129700005250925e-05,
      "phi_block_assembly_time": 0.2300768240000366,
      "relative_linear_reduction": 0.00911199310581116,
      "reused_fieldsplit_is": false,
      "reused_global_matrix": false,
      "reused_global_rhs_vec": false,
      "reused_ksp": false,
      "reused_subksp": false,
      "state_update_time": 0.2637065970000094,
      "struct_block_assembly_time": 0.007319802000040454,
      "total_dofs": 1104
    },
    {
      "accepted_state_index": 3,
      "assembly_time": 0.31057395999999926,
      "bc_elimination_time": 0.0003469569999765554,
      "block_build_time": 0.2395481449999579,
      "block_pc_name": "global_ilu",
      "build_path": "optimized",
      "contact_block_assembly_time": 0.2918439039999612,
      "global_matrix_allocation_time": 0.0,
      "global_matrix_fill_time": 0.02663568899998836,
      "global_rhs_build_time": 0.00208411400001296,
      "ksp_reason": 3,
      "ksp_setup_time": 1.722199999676377e-05,
      "ksp_solve_time": 0.0730778379999606,
      "ksp_type": "gmres",
      "linear_iterations": 1,
      "linear_solve_time": 0.07319754100001319,
      "linear_solver_mode": "krylov",
      "load_value": 0.04,
      "mesh_resolution": "4x4x4",
      "mode": "baseline",
      "ndof_phi": 729,
      "ndof_u": 375,
      "newton_iteration_within_load": 1,
      "newton_step_walltime": 0.8993522449999887,
      "nnz_Jphiphi": 0,
      "nnz_Jphiu": 0,
      "nnz_Juphi": 0,
      "nnz_Juu": 0,
      "nnz_global": 0,
      "outer_residual_norm_after_linear": 2.907271477676495e-05,
      "outer_residual_norm_before_linear": 0.003486726843316954,
      "pc_type": "ilu",
      "petsc_object_setup_time": 4.7127999948770594e-05,
      "phi_block_assembly_time": 0.2174669240000071,
      "relative_linear_reduction": 0.008338110807988566,
      "reused_fieldsplit_is": false,
      "reused_global_matrix": false,
      "reused_global_rhs_vec": false,
      "reused_ksp": false,
      "reused_subksp": false,
      "state_update_time": 0.2757807990000174,
      "struct_block_assembly_time": 0.007439274000034857,
      "total_dofs": 1104
    },
    {
      "accepted_state_index": 3,
      "assembly_time": 0.3206868749999785,
      "bc_elimination_time": 0.00020823900001687434,
      "block_build_time": 0.24034445699999196,
      "block_pc_name": "global_ilu",
      "build_path": "optimized",
      "contact_block_assembly_time": 0.30175115499997673,
      "global_matrix_allocation_time": 0.0,
      "global_matrix_fill_time": 0.025770448000002943,
      "global_rhs_build_time": 0.0011374200000204837,
      "ksp_reason": 3,
      "ksp_setup_time": 1.680100001522078e-05,
      "ksp_solve_time": 0.06793625300002759,
      "ksp_type": "gmres",
      "linear_iterations": 1,
      "linear_solve_time": 0.06805690700002742,
      "linear_solver_mode": "krylov",
      "load_value": 0.04,
      "mesh_resolution": "4x4x4",
      "mode": "baseline",
      "ndof_phi": 729,
      "ndof_u": 375,
      "newton_iteration_within_load": 2,
      "newton_step_walltime": 0.9187531079999758,
      "nnz_Jphiphi": 0,
      "nnz_Jphiu": 0,
      "nnz_Juphi": 0,
      "nnz_Juu": 0,
      "nnz_global": 0,
      "outer_residual_norm_after_linear": 2.532955023467688e-07,
      "outer_residual_norm_before_linear": 2.9072714776760453e-05,
      "pc_type": "ilu",
      "petsc_object_setup_time": 3.9452999999411986e-05,