{
  "newton_rows": [
    {
      "active_contact_points": 64,
      "active_contact_points_after": 64,
      "assembly_time": 0.07639761100001863,
      "backend": "petsc_block",
      "basis_eval_or_tabulation_time": 0.00634022800008438,
      "bc_elimination_time": 0.0002346170000038228,
      "block_build_time": 0.23294328000000064,
      "block_pc_name": "global_ilu",
      "build_path": "optimized",
      "cell_geometry_cache_hit_count": 384,
      "cell_geometry_cache_miss_count": 0,
      "contact_active_filter_time": 2.5186000044641332e-05,
      "contact_block_assembly_time": 0.050983650000006264,
      "contact_gap_normal_eval_time": 3.105799997626946e-05,
      "contact_geometry_eval_avg_time": 0.0005516668906255795,
      "contact_geometry_eval_call_count": 64,
      "contact_geometry_eval_time": 0.03530668100003709,
      "contact_local_residual_time": 0.00023042800006578545,
      "contact_local_tangent_uphi_call_count": 64,
      "contact_local_tangent_uphi_time": 0.0020873669999588174,
      "contact_local_tangent_uu_call_count": 64,
      "contact_local_tangent_uu_time": 0.0019266210000097317,
      "contact_quadrature_loop_time": 0.03542436600000087,
      "contact_query_cache_hit_count": 0,
      "contact_query_cache_miss_count": 64,
      "contact_query_call_count": 64,
      "contact_scatter_to_global_time": 6.080999909841012e-06,
      "contact_sensitivity_cache_hit_count": 0,
      "contact_sensitivity_cache_miss_count": 64,
      "contact_sensitivity_call_count": 64,
      "dofmap_lookup_time": 9.058600001310424e-05,
      "function_cell_dof_cache_hit_count": 560,
      "function_cell_dof_cache_miss_count": 16,
      "global_matrix_allocation_time": 0.0,
      "global_matrix_fill_time": 0.024810947000005967,
      "global_rhs_build_time": 0.008252178999995863,
      "increment_norm": 0.0013857629319986662,
      "ksp_reason": 3,
      "ksp_setup_time": 0.00010491499999432108,
      "ksp_solve_time": 0.07575188100000219,
      "ksp_type": "gmres",
      "linear_converged": true,
      "linear_iterations": 1,
      "linear_solve_time": 0.07594715499999438,
      "linear_solver_mode": "krylov",
      "load_value": 0.02,
      "max_penetration": 0.020000000000000087,
      "max_penetration_after": 0.02000000000013931,
      "mesh_resolution": "4x4x4",
      "mode": "baseline",
      "ndof_phi": 729,
      "ndof_u": 375,
      "negative_gap_sum": 0.020000000000000028,
      "negative_gap_sum_after": 0.020000000000046623,
      "newton_iteration": 1,
      "newton_step_walltime": 0.4509009220000024,
      "nnz_Jphiphi": 35937,
      "nnz_Jphiu": 7938,
      "nnz_Juphi": 7924,
      "nnz_Juu": 15195,
      "nnz_global": 56351,
      "numpy_temp_allocation_time": 0.00906287700006203,
      "outer_residual_norm_after_linear": 3.464326148051463e-05,
      "outer_residual_norm_before_linear": 0.004040188733215321,
      "pc_type": "ilu",
      "petsc_object_setup_time": 0.00032586700000081237,
      "phi_block_assembly_time": 0.20986030300001346,
      "phi_form_assembly_time": 0.19547285100000522,
      "phi_matrix_extract_or_convert_time": 0.19282753999999613,
      "phi_rhs_extract_or_convert_time": 0.01030864999999892,
      "reaction_norm": 0.004040188733215321,
      "reaction_norm_after": 0.004040130392726777,
      "relative_linear_reduction": 0.008574664147668254,
      "residual_norm": 3.464326148051463e-05,
      "residual_norm_after": 3.464326148051463e-05,
      "residual_norm_before": 0.004040188733215321,
      "reuse_attempted": true,
      "reuse_failed_stage": "",
      "reuse_failure_message": "",
      "reused_fieldsplit_is": false,
      "reused_global_matrix": false,
      "reused_global_rhs_vec": false,
      "reused_ksp": false,
      "reused_subksp": false,
      "state_update_time": 0.06540757300000166,
      "step_length": 1.0,
      "struct_block_assembly_time": 0.01102763100000459,
      "surface_entity_iteration_time": 0.035410802000058084,
      "used_fallback": false,
      "vector_subfunction_cache_hit_count": 128,
      "vector_subfunction_cache_miss_count": 0
    }
  ],
  "summary": {
    "avg_contact_geometry_eval_time_per_call": 0.0005516668906255795,
    "block_pc_name": "global_ilu",
    "build_path": "optimized",
    "contact_query_cache_hit_rate": 0.0,
    "contact_sensitivity_cache_hit_rate": 0.0,
    "final_max_penetration": 0.02000000000013931,
    "final_reaction_norm": 0.004040130392726777,
    "final_residual_norm": 3.464326148051463e-05,
    "ksp_type": "gmres",
    "linear_solver_mode": "krylov",
    "mesh_resolution": "4x4x4",
    "mode": "baseline",
    "ndof_phi": 729,
    "ndof_u": 375,
    "newton_iterations": 1,
    "pc_type": "ilu",
    "single_newton_benchmark": true,
    "target_load": 0.02,
    "total_assembly_time": 0.07639761100001863,
    "total_basis_eval_or_tabulation_time": 0.00634022800008438,
    "total_block_build_time": 0.23294328000000064,
    "total_cell_geometry_cache_hit_count": 384,
    "total_cell_geometry_cache_miss_count": 0,
    "total_contact_active_filter_time": 2.5186000044641332e-05,
    "total_contact_block_assembly_time": 0.050983650000006264,
    "total_contact_gap_normal_eval_time": 3.105799997626946e-05,
    "total_contact_geometry_eval_avg_time": 0.0005516668906255795,
    "total_contact_geometry_eval_call_count": 64,
    "total_contact_geometry_eval_time": 0.03530668100003709,
    "total_contact_local_residual_time": 0.00023042800006578545,
    "total_contact_local_tangent_uphi_call_count": 64,
    "total_contact_local_tangent_uphi_time": 0.0020873669999588174,
    "total_contact_local_tangent_uu_call_count": 64,
    "total_contact_local_tangent_uu_time": 0.0019266210000097317,
    "total_contact_quadrature_loop_time": 0.03542436600000087,
    "total_contact_query_cache_hit_count": 0,
    "total_contact_query_cache_miss_count": 64,
    "total_contact_query_call_count": 64,
    "total_contact_scatter_to_global_time": 6.080999909841012e-06,
    "total_contact_sensitivity_cache_hit_count": 0,
    "total_contact_sensitivity_cache_miss_count": 64,
    "total_contact_sensitivity_call_count": 64,
    "total_dofmap_lookup_time": 9.058600001310424e-05,
    "total_dofs": 1104,
    "total_function_cell_dof_cache_hit_count": 560,
    "total_function_cell_dof_cache_miss_count": 16,
    "total_ksp_setup_time": 0.00010491499999432108,
    "total_ksp_solve_time": 0.07575188100000219,
    "total_linear_iterations": 1,
    "total_linear_solve_time": 0.07594715499999438,
    "total_newton_step_walltime": 0.4509009220000024,
    "total_numpy_temp_allocation_time": 0.00906287700006203,
    "total_phi_block_assembly_time": 0.20986030300001346,
    "total_phi_form_assembly_time": 0.19547285100000522,
    "total_phi_matrix_extract_or_convert_time": 0.19282753999999613,
    "total_phi_rhs_extract_or_convert_time": 0.01030864999999892,
    "total_surface_entity_iteration_time": 0.035410802000058084,
    "total_vector_subfunction_cache_hit_count": 128,
    "total_vector_subfunction_cache_miss_count": 0
  }
}