{
  "newton_rows": [
    {
      "active_contact_points": 100,
      "active_contact_points_after": 100,
      "assembly_time": 0.40952123900001425,
      "backend": "petsc_block",
      "basis_eval_or_tabulation_time": 0.008946881000156282,
      "bc_elimination_time": 0.0014490899999373141,
      "block_build_time": 0.42426607400000194,
      "block_pc_name": "global_ilu",
      "build_path": "optimized",
      "cell_geometry_cache_hit_count": 600,
      "cell_geometry_cache_miss_count": 0,
      "contact_active_filter_time": 4.184299950793502e-05,
      "contact_block_assembly_time": 0.07570066400000997,
      "contact_gap_normal_eval_time": 4.5874000420553784e-05,
      "contact_geometry_eval_avg_time": 0.0005070150200026547,
      "contact_geometry_eval_call_count": 100,
      "contact_geometry_eval_time": 0.050701502000265464,
      "contact_local_residual_time": 0.00034029400035251456,
      "contact_local_tangent_uphi_call_count": 100,
      "contact_local_tangent_uphi_time": 0.0030940339994458554,
      "contact_local_tangent_uu_call_count": 100,
      "contact_local_tangent_uu_time": 0.0028880119998575537,
      "contact_quadrature_loop_time": 0.050848199000029126,
      "contact_query_avg_time": 0.00027392286000463176,
      "contact_query_cache_hit_count": 0,
      "contact_query_cache_miss_count": 100,
      "contact_query_call_count": 100,
      "contact_query_time": 0.027392286000463173,
      "contact_scatter_to_global_time": 8.331999310939864e-06,
      "contact_sensitivity_avg_time": 0.00021551588999727756,
      "contact_sensitivity_cache_hit_count": 0,
      "contact_sensitivity_cache_miss_count": 100,
      "contact_sensitivity_call_count": 100,
      "contact_sensitivity_time": 0.021551588999727755,
      "dofmap_lookup_time": 0.0001331170002458748,
      "function_cell_dof_cache_hit_count": 875,
      "function_cell_dof_cache_miss_count": 25,
      "global_matrix_allocation_time": 0.0,
      "global_matrix_fill_time": 0.07822627699999884,
      "global_rhs_build_time": 0.028480905000037637,
      "increment_norm": 0.0017575001303108283,
      "ksp_reason": 3,
      "ksp_setup_time": 9.393499999532651e-05,
      "ksp_solve_time": 0.3549851810000746,
      "ksp_type": "gmres",
      "linear_converged": true,
      "linear_iterations": 1,
      "linear_solve_time": 0.3551876880000009,
      "linear_solver_mode": "krylov",
      "load_value": 0.02,
      "max_penetration": 0.02000000000000006,
      "max_penetration_after": 0.020000000000155824,
      "mesh_resolution": "5x5x5",
      "mode": "baseline",
      "ndof_phi": 1331,
      "ndof_u": 648,
      "negative_gap_sum": 0.019999999999999993,
      "negative_gap_sum_after": 0.01999999999990221,
      "newton_iteration": 1,
      "newton_step_walltime": 0.9793488459999935,
      "nnz_Jphiphi": 68921,
      "nnz_Jphiu": 12168,
      "nnz_Juphi": 12147,
      "nnz_Juu": 29903,
      "nnz_global": 106755,
      "numpy_temp_allocation_time": 0.011720007000349142,
      "outer_residual_norm_after_linear": 2.7569910990471217e-05,
      "outer_residual_norm_before_linear": 0.0032599386497294673,
      "pc_type": "ilu",
      "petsc_object_setup_time": 0.0003766720000157875,
      "phi_basis_tabulation_call_count": 0,
      "phi_basis_tabulation_time": 0.0,
      "phi_block_assembly_time": 0.3187076609999622,
      "phi_convert_time_K_phi_phi": 0.012285935999898356,
      "phi_convert_time_K_phi_u": 0.005599415000006047,
      "phi_dof_lookup_call_count": 0,
      "phi_dof_lookup_time": 0.0,
      "phi_extract_time_K_phi_phi": 0.0006492700000535478,
      "phi_extract_time_K_phi_u": 0.0001762580000104208,
      "phi_form_assembly_time": 0.29445043700002316,
      "phi_form_cache_hit_count": 3,
      "phi_form_cache_miss_count": 0,
      "phi_form_call_count": 3,
      "phi_form_call_count_K_phi_phi": 1,
      "phi_form_call_count_K_phi_u": 1,
      "phi_form_call_count_R_phi": 1,
      "phi_form_time_K_phi_phi": 0.06351491500004158,
      "phi_form_time_K_phi_u": 0.21587140899998758,
      "phi_form_time_R_phi": 0.015064112999993995,
      "phi_geometry_helper_time": 0.0,
      "phi_kphiphi_convert_time": 0.012285935999898356,
      "phi_kphiphi_extract_time": 0.0006492700000535478,
      "phi_kphiphi_form_assembly_time": 0.06351491500004158,
      "phi_kphiu_convert_time": 0.005599415000006047,
      "phi_kphiu_extract_time": 0.0001762580000104208,
      "phi_kphiu_form_assembly_time": 0.21587140899998758,
      "phi_matrix_convert_call_count": 2,
      "phi_matrix_convert_call_count_K_phi_phi": 1,
      "phi_matrix_convert_call_count_K_phi_u": 1,
      "phi_matrix_convert_time": 0.017885350999904404,
      "phi_matrix_extract_call_count": 2,
      "phi_matrix_extract_call_count_K_phi_phi": 1,
      "phi_matrix_extract_call_count_K_phi_u": 1,
      "phi_matrix_extract_or_convert_time": 0.018710878999968372,
      "phi_matrix_extract_time": 0.0008255280000639686,
      "phi_residual_extract_time": 4.207999950267549e-06,
      "phi_residual_form_assembly_time": 0.015064112999993995,
      "phi_rhs_assembly_time": 0.015064112999993995,
      "phi_rhs_extract_call_count": 1,
      "phi_rhs_extract_or_convert_time": 4.207999950267549e-06,
      "phi_rhs_extract_time": 4.207999950267549e-06,
      "reaction_norm": 0.0032599386497294673,
      "reaction_norm_after": 0.0032598816648626767,
      "relative_linear_reduction": 0.008457187067848397,
      "residual_norm": 2.7569910990471217e-05,
      "residual_norm_after": 2.7569910990471217e-05,
      "residual_norm_before": 0.0032599386497294673,
      "reuse_attempted": true,
      "reuse_failed_stage": "",
      "reuse_failure_message": "",
      "reused_fieldsplit_is": false,
      "reused_global_matrix": false,
      "reused_global_rhs_vec": false,
      "reused_ksp": false,
      "reused_subksp": false,
      "state_update_time": 0.09369214700006978,
      "step_length": 1.0,
      "struct_block_assembly_time": 0.01511291400004211,
      "surface_entity_iteration_time": 0.05083116899936613,
      "used_fallback": false,
      "vector_subfunction_cache_hit_count": 200,
      "vector_subfunction_cache_miss_count": 0
    }
  ],
  "summary": {
    "avg_contact_geometry_eval_time_per_call": 0.0005070150200026547,
    "block_pc_name": "global_ilu",
    "build_path": "optimized",
    "contact_query_avg_time_per_call": 0.00027392286000463176,
    "contact_query_cache_hit_rate": 0.0,
    "contact_sensitivity_avg_time_per_call": 0.00021551588999727756,
    "contact_sensitivity_cache_hit_rate": 0.0,
    "final_max_penetration": 0.020000000000155824,
    "final_reaction_norm": 0.0032598816648626767,
    "final_residual_norm": 2.7569910990471217e-05,
    "ksp_type": "gmres",
    "linear_solver_mode": "krylov",
    "mesh_resolution": "5x5x5",
    "mode": "baseline",
    "ndof_phi": 1331,
    "ndof_u": 648,
    "newton_iterations": 1,
    "pc_type": "ilu",
    "phi_cache_prime_enabled": true,
    "phi_cache_prime_time": 0.006305940000061128,
    "phi_form_cache_hit_rate": 1.0,
    "phi_profile_mode": "full",
    "phi_scatter_reuse": true,
    "single_newton_benchmark": true,
    "target_load": 0.02,
    "total_assembly_time": 0.40952123900001425,
    "total_basis_eval_or_tabulation_time": 0.008946881000156282,
    "total_block_build_time": 0.42426607400000194,
    "total_cell_geometry_cache_hit_count": 600,
    "total_cell_geometry_cache_miss_count": 0,
    "total_contact_active_filter_time": 4.184299950793502e-05,
    "total_contact_block_assembly_time": 0.07570066400000997,
    "total_contact_gap_normal_eval_time": 4.5874000420553784e-05,
    "total_contact_geometry_eval_avg_time": 0.0005070150200026547,
    "total_contact_geometry_eval_call_count": 100,
    "total_contact_geometry_eval_time": 0.050701502000265464,
    "total_contact_local_residual_time": 0.00034029400035251456,
    "total_contact_local_tangent_uphi_call_count": 100,
    "total_contact_local_tangent_uphi_time": 0.0030940339994458554,