{
  "newton_rows": [
    {
      "active_contact_points": 100,
      "active_contact_points_after": 100,
      "assembly_time": 0.1184582250000048,
      "backend": "petsc_block",
      "basis_eval_or_tabulation_time": 0.009614913000092429,
      "bc_elimination_time": 0.001523149000000501,
      "block_build_time": 0.44858168599999715,
      "block_pc_name": "fieldsplit_schur_lower_selfp_ilu",
      "build_path": "optimized",
      "cell_geometry_cache_hit_count": 600,
      "cell_geometry_cache_miss_count": 0,
      "contact_active_filter_time": 4.395199999152055e-05,
      "contact_block_assembly_time": 0.08178925800000059,
      "contact_gap_normal_eval_time": 5.0231000031430995e-05,
      "contact_geometry_eval_avg_time": 0.0005509741800001677,
      "contact_geometry_eval_call_count": 100,
      "contact_geometry_eval_time": 0.055097418000016773,
      "contact_local_residual_time": 0.0003619330000574905,
      "contact_local_tangent_uphi_call_count": 100,
      "contact_local_tangent_uphi_time": 0.003388442000016312,
      "contact_local_tangent_uu_call_count": 100,
      "contact_local_tangent_uu_time": 0.003081475999991312,
      "contact_quadrature_loop_time": 0.055279974999997705,
      "contact_query_cache_hit_count": 0,
      "contact_query_cache_miss_count": 100,
      "contact_query_call_count": 100,
      "contact_scatter_to_global_time": 9.37500000475211e-06,
      "contact_sensitivity_cache_hit_count": 0,
      "contact_sensitivity_cache_miss_count": 100,
      "contact_sensitivity_call_count": 100,
      "dofmap_lookup_time": 0.00014456000000961922,
      "function_cell_dof_cache_hit_count": 875,
      "function_cell_dof_cache_miss_count": 25,
      "global_matrix_allocation_time": 0.0,
      "global_matrix_fill_time": 0.08387633299999919,
      "global_rhs_build_time": 0.027012346999995884,
      "increment_norm": 0.0017575001303108393,
      "ksp_reason": 3,
      "ksp_setup_time": 1.378357065000003,
      "ksp_solve_time": 0.17232857199999785,
      "ksp_type": "gmres",
      "linear_converged": true,
      "linear_iterations": 2,
      "linear_solve_time": 1.550789930999997,
      "linear_solver_mode": "krylov",
      "load_value": 0.02,
      "max_penetration": 0.02000000000000006,
      "max_penetration_after": 0.020000000000156167,
      "mesh_resolution": "5x5x5",
      "mode": "baseline",
      "ndof_phi": 1331,
      "ndof_u": 648,
      "negative_gap_sum": 0.019999999999999993,
      "negative_gap_sum_after": 0.01999999999990265,
      "newton_iteration": 1,
      "newton_step_walltime": 2.210072149999995,
      "nnz_Jphiphi": 68921,
      "nnz_Jphiu": 12168,
      "nnz_Juphi": 12147,
      "nnz_Juu": 29903,
      "nnz_global": 106755,
      "numpy_temp_allocation_time": 0.012662565000049142,
      "outer_residual_norm_after_linear": 2.7569911995819792e-05,
      "outer_residual_norm_before_linear": 0.0032599386497294673,
      "pc_type": "fieldsplit",
      "petsc_object_setup_time": 0.0004025900000002025,
      "phi_block_assembly_time": 0.34384475300000616,
      "phi_form_assembly_time": 0.3239280450000024,
      "phi_matrix_extract_or_convert_time": 0.31880766200000465,
      "phi_rhs_extract_or_convert_time": 0.015560798000002762,
      "reaction_norm": 0.0032599386497294673,
      "reaction_norm_after": 0.003259881664862601,
      "relative_linear_reduction": 0.008457187376243335,
      "residual_norm": 2.7569911995819792e-05,
      "residual_norm_after": 2.7569911995819792e-05,
      "residual_norm_before": 0.0032599386497294673,
      "reuse_attempted": true,
      "reuse_failed_stage": "",
      "reuse_failure_message": "",
      "reused_fieldsplit_is": true,
      "reused_global_matrix": false,
      "reused_global_rhs_vec": false,
      "reused_ksp": false,
      "reused_subksp": false,
      "state_update_time": 0.09191046899999833,
      "step_length": 1.0,
      "struct_block_assembly_time": 0.016753450999999586,
      "surface_entity_iteration_time": 0.055257715999943,
      "used_fallback": false,
      "vector_subfunction_cache_hit_count": 200,
      "vector_subfunction_cache_miss_count": 0
    }
  ],
  "summary": {
    "avg_contact_geometry_eval_time_per_call": 0.0005509741800001677,
    "block_pc_name": "fieldsplit_schur_lower_selfp_ilu",
    "build_path": "optimized",
    "contact_query_cache_hit_rate": 0.0,
    "contact_sensitivity_cache_hit_rate": 0.0,
    "final_max_penetration": 0.020000000000156167,
    "final_reaction_norm": 0.003259881664862601,
    "final_residual_norm": 2.7569911995819792e-05,
    "ksp_type": "gmres",
    "linear_solver_mode": "krylov",
    "mesh_resolution": "5x5x5",
    "mode": "baseline",
    "ndof_phi": 1331,
    "ndof_u": 648,
    "newton_iterations": 1,
    "pc_type": "fieldsplit",
    "single_newton_benchmark": true,
    "target_load": 0.02,
    "total_assembly_time": 0.1184582250000048,
    "total_basis_eval_or_tabulation_time": 0.009614913000092429,
    "total_block_build_time": 0.44858168599999715,
    "total_cell_geometry_cache_hit_count": 600,
    "total_cell_geometry_cache_miss_count": 0,
    "total_contact_active_filter_time": 4.395199999152055e-05,
    "total_contact_block_assembly_time": 0.08178925800000059,
    "total_contact_gap_normal_eval_time": 5.0231000031430995e-05,
    "total_contact_geometry_eval_avg_time": 0.0005509741800001677,
    "total_contact_geometry_eval_call_count": 100,
    "total_contact_geometry_eval_time": 0.055097418000016773,
    "total_contact_local_residual_time": 0.0003619330000574905,
    "total_contact_local_tangent_uphi_call_count": 100,
    "total_contact_local_tangent_uphi_time": 0.003388442000016312,
    "total_contact_local_tangent_uu_call_count": 100,
    "total_contact_local_tangent_uu_time": 0.003081475999991312,
    "total_contact_quadrature_loop_time": 0.055279974999997705,
    "total_contact_query_cache_hit_count": 0,
    "total_contact_query_cache_miss_count": 100,
    "total_contact_query_call_count": 100,
    "total_contact_scatter_to_global_time": 9.37500000475211e-06,
    "total_contact_sensitivity_cache_hit_count": 0,
    "total_contact_sensitivity_cache_miss_count": 100,
    "total_contact_sensitivity_call_count": 100,
    "total_dofmap_lookup_time": 0.00014456000000961922,
    "total_dofs": 1979,
    "total_function_cell_dof_cache_hit_count": 875,
    "total_function_cell_dof_cache_miss_count": 25,
    "total_ksp_setup_time": 1.378357065000003,
    "total_ksp_solve_time": 0.17232857199999785,
    "total_linear_iterations": 2,
    "total_linear_solve_time": 1.550789930999997,
    "total_newton_step_walltime": 2.210072149999995,
    "total_numpy_temp_allocation_time": 0.012662565000049142,
    "total_phi_block_assembly_time": 0.34384475300000616,
    "total_phi_form_assembly_time": 0.3239280450000024,
    "total_phi_matrix_extract_or_convert_time": 0.31880766200000465,
    "total_phi_rhs_extract_or_convert_time": 0.015560798000002762,
    "total_surface_entity_iteration_time": 0.055257715999943,
    "total_vector_subfunction_cache_hit_count": 200,
    "total_vector_subfunction_cache_miss_count": 0
  }
}