{
  "newton_rows": [
    {
      "active_contact_points": 100,
      "active_contact_points_after": 100,
      "assembly_time": 0.43285901599983845,
      "backend": "petsc_block",
      "basis_eval_or_tabulation_time": 0.00958037899908959,
      "bc_elimination_time": 0.0011899880000783014,
      "block_build_time": 0.42780542900027285,
      "block_pc_name": "global_ilu",
      "build_path": "optimized",
      "cell_geometry_cache_hit_count": 600,
      "cell_geometry_cache_miss_count": 0,
      "contact_active_filter_time": 4.1978000353992684e-05,
      "contact_block_assembly_time": 0.08215834700013147,
      "contact_gap_normal_eval_time": 4.329899957156158e-05,
      "contact_geometry_eval_avg_time": 0.0005477484400216781,
      "contact_geometry_eval_call_count": 100,
      "contact_geometry_eval_time": 0.05477484400216781,
      "contact_local_residual_time": 0.0003591070017137099,
      "contact_local_tangent_uphi_call_count": 100,
      "contact_local_tangent_uphi_time": 0.0032937220003077528,
      "contact_local_tangent_uu_call_count": 100,
      "contact_local_tangent_uu_time": 0.0030603680006606737,
      "contact_quadrature_loop_time": 0.054938412999945285,
      "contact_query_avg_time": 0.0002919651800357315,
      "contact_query_cache_hit_count": 0,
      "contact_query_cache_miss_count": 100,
      "contact_query_call_count": 100,
      "contact_query_time": 0.029196518003573146,
      "contact_scatter_to_global_time": 9.177999345411081e-06,
      "contact_sensitivity_avg_time": 0.0002363745700176878,
      "contact_sensitivity_cache_hit_count": 0,
      "contact_sensitivity_cache_miss_count": 100,
      "contact_sensitivity_call_count": 100,
      "contact_sensitivity_time": 0.02363745700176878,
      "dofmap_lookup_time": 0.00014692299964735867,
      "function_cell_dof_cache_hit_count": 875,
      "function_cell_dof_cache_miss_count": 25,
      "global_matrix_allocation_time": 0.0,
      "global_matrix_fill_time": 0.07429675699995641,
      "global_rhs_build_time": 0.028235938999841892,
      "increment_norm": 0.0017575001303108283,
      "ksp_reason": 3,
      "ksp_setup_time": 9.679000004325644e-05,
      "ksp_solve_time": 0.3931640719997631,
      "ksp_type": "gmres",
      "linear_converged": true,
      "linear_iterations": 1,
      "linear_solve_time": 0.3933673909996287,
      "linear_solver_mode": "krylov",
      "load_value": 0.02,
      "max_penetration": 0.02000000000000006,
      "max_penetration_after": 0.020000000000155824,
      "mesh_resolution": "5x5x5",
      "mode": "baseline",
      "ndof_phi": 1331,
      "ndof_u": 648,
      "negative_gap_sum": 0.019999999999999993,
      "negative_gap_sum_after": 0.01999999999990221,
      "newton_iteration": 1,
      "newton_step_walltime": 1.0437699799999791,
      "nnz_Jphiphi": 68921,
      "nnz_Jphiu": 12168,
      "nnz_Juphi": 12147,
      "nnz_Juu": 29903,
      "nnz_global": 106755,
      "numpy_temp_allocation_time": 0.012935703997300152,
      "outer_residual_norm_after_linear": 2.7569910990471217e-05,
      "outer_residual_norm_before_linear": 0.0032599386497294673,
      "pc_type": "ilu",
      "petsc_object_setup_time": 0.00038754200022594887,
      "phi_basis_tabulation_call_count": 0,
      "phi_basis_tabulation_time": 0.0,
      "phi_block_assembly_time": 0.3340163859998029,
      "phi_convert_time_K_phi_phi": 0.011680347000037727,
      "phi_convert_time_K_phi_u": 0.005069227000149112,
      "phi_dof_lookup_call_count": 0,
      "phi_dof_lookup_time": 0.0,
      "phi_extract_time_K_phi_phi": 0.0005591629997070413,
      "phi_extract_time_K_phi_u": 3.880199983541388e-05,
      "phi_form_assembly_time": 0.30416608600035033,
      "phi_form_cache_hit_count": 0,
      "phi_form_cache_miss_count": 3,
      "phi_form_call_count": 3,
      "phi_form_call_count_K_phi_phi": 1,
      "phi_form_call_count_K_phi_u": 1,
      "phi_form_call_count_R_phi": 1,
      "phi_form_time_K_phi_phi": 0.0684986320002281,
      "phi_form_time_K_phi_u": 0.22004263700000593,
      "phi_form_time_R_phi": 0.015624817000116309,
      "phi_geometry_helper_time": 0.0,
      "phi_kphiphi_convert_time": 0.011680347000037727,
      "phi_kphiphi_extract_time": 0.0005591629997070413,
      "phi_kphiphi_form_assembly_time": 0.0684986320002281,
      "phi_kphiu_convert_time": 0.005069227000149112,
      "phi_kphiu_extract_time": 3.880199983541388e-05,
      "phi_kphiu_form_assembly_time": 0.22004263700000593,
      "phi_matrix_convert_call_count": 2,
      "phi_matrix_convert_call_count_K_phi_phi": 1,
      "phi_matrix_convert_call_count_K_phi_u": 1,
      "phi_matrix_convert_time": 0.01674957400018684,
      "phi_matrix_extract_call_count": 2,
      "phi_matrix_extract_call_count_K_phi_phi": 1,
      "phi_matrix_extract_call_count_K_phi_u": 1,
      "phi_matrix_extract_or_convert_time": 0.017347538999729295,
      "phi_matrix_extract_time": 0.0005979649995424552,
      "phi_residual_extract_time": 2.5650001589383464e-06,
      "phi_residual_form_assembly_time": 0.015624817000116309,
      "phi_rhs_assembly_time": 0.015624817000116309,
      "phi_rhs_extract_call_count": 1,
      "phi_rhs_extract_or_convert_time": 2.5650001589383464e-06,
      "phi_rhs_extract_time": 2.5650001589383464e-06,
      "reaction_norm": 0.0032599386497294673,
      "reaction_norm_after": 0.0032598816648626767,
      "relative_linear_reduction": 0.008457187067848397,
      "residual_norm": 2.7569910990471217e-05,
      "residual_norm_after": 2.7569910990471217e-05,
      "residual_norm_before": 0.0032599386497294673,
      "reuse_attempted": true,
      "reuse_failed_stage": "",
      "reuse_failure_message": "",
      "reused_fieldsplit_is": false,
      "reused_global_matrix": false,
      "reused_global_rhs_vec": false,
      "reused_ksp": false,
      "reused_subksp": false,
      "state_update_time": 0.1011323299999276,
      "step_length": 1.0,
      "struct_block_assembly_time": 0.0166842829999041,
      "surface_entity_iteration_time": 0.054919549998885486,
      "used_fallback": false,
      "vector_subfunction_cache_hit_count": 200,
      "vector_subfunction_cache_miss_count": 0
    }
  ],
  "summary": {
    "avg_contact_geometry_eval_time_per_call": 0.0005477484400216781,
    "block_pc_name": "global_ilu",
    "build_path": "optimized",
    "contact_query_avg_time_per_call": 0.0002919651800357315,
    "contact_query_cache_hit_rate": 0.0,
    "contact_sensitivity_avg_time_per_call": 0.0002363745700176878,
    "contact_sensitivity_cache_hit_rate": 0.0,
    "final_max_penetration": 0.020000000000155824,
    "final_reaction_norm": 0.0032598816648626767,
    "final_residual_norm": 2.7569910990471217e-05,
    "ksp_type": "gmres",
    "linear_solver_mode": "krylov",
    "mesh_resolution": "5x5x5",
    "mode": "baseline",
    "ndof_phi": 1331,
    "ndof_u": 648,
    "newton_iterations": 1,
    "pc_type": "ilu",
    "phi_cache_prime_enabled": false,
    "phi_cache_prime_time": 0.0,
    "phi_form_cache_hit_rate": 0.0,
    "phi_profile_mode": "full",
    "phi_scatter_reuse": true,
    "single_newton_benchmark": true,
    "target_load": 0.02,
    "total_assembly_time": 0.43285901599983845,
    "total_basis_eval_or_tabulation_time": 0.00958037899908959,
    "total_block_build_time": 0.42780542900027285,
    "total_cell_geometry_cache_hit_count": 600,
    "total_cell_geometry_cache_miss_count": 0,
    "total_contact_active_filter_time": 4.1978000353992684e-05,
    "total_contact_block_assembly_time": 0.08215834700013147,
    "total_contact_gap_normal_eval_time": 4.329899957156158e-05,
    "total_contact_geometry_eval_avg_time": 0.0005477484400216781,
    "total_contact_geometry_eval_call_count": 100,
    "total_contact_geometry_eval_time": 0.05477484400216781,
    "total_contact_local_residual_time": 0.0003591070017137099,
    "total_contact_local_tangent_uphi_call_count": 100,
    "total_contact_local_tangent_uphi_time": 0.0032937220003077528,
    "total_contact_local_tangent_uu_call_count": 100,