{
  "newton_rows": [
    {
      "accepted_state_index": 2,
      "assembly_time": 0.2707397730000025,
      "bc_elimination_time": 0.0002764050000010343,
      "block_build_time": 46.461392954000004,
      "block_pc_name": "global_ilu",
      "build_path": "current",
      "contact_block_assembly_time": 0.2524590989999993,
      "global_matrix_allocation_time": 46.25616220300001,
      "global_matrix_fill_time": 46.25616220300001,
      "global_rhs_build_time": 0.0017941040000053476,
      "ksp_reason": 3,
      "ksp_setup_time": 0.02527734999999609,
      "ksp_solve_time": 0.06761894500000665,
      "ksp_type": "gmres",
      "linear_iterations": 1,
      "linear_solve_time": 0.09300997600000471,
      "linear_solver_mode": "krylov",
      "load_value": 0.02,
      "mesh_resolution": "4x4x4",
      "mode": "baseline",
      "ndof_phi": 729,
      "ndof_u": 375,
      "newton_iteration_within_load": 1,
      "newton_step_walltime": 47.35495229199999,
      "nnz_Jphiphi": 0,
      "nnz_Jphiu": 0,
      "nnz_Juphi": 0,
      "nnz_Juu": 0,
      "nnz_global": 0,
      "outer_residual_norm_after_linear": 3.464326148051463e-05,
      "outer_residual_norm_before_linear": 0.004040188733215321,
      "pc_type": "ilu",
      "petsc_object_setup_time": 0.0,
      "phi_block_assembly_time": 0.21053402100000085,
      "relative_linear_reduction": 0.008574664147668254,
      "reused_fieldsplit_is": false,
      "reused_global_matrix": false,
      "reused_global_rhs_vec": false,
      "reused_ksp": false,
      "reused_subksp": false,
      "state_update_time": 0.5295930329999976,
      "struct_block_assembly_time": 0.006943388000003381,
      "total_dofs": 1104
    },
    {
      "accepted_state_index": 2,
      "assembly_time": 0.6035093050000029,
      "bc_elimination_time": 0.000299208000001272,
      "block_build_time": 46.841774508000015,
      "block_pc_name": "global_ilu",
      "build_path": "current",
      "contact_block_assembly_time": 0.5842744090000025,
      "global_matrix_allocation_time": 46.63386512699999,
      "global_matrix_fill_time": 46.63386512699999,
      "global_rhs_build_time": 0.008931101000001718,
      "ksp_reason": 3,
      "ksp_setup_time": 2.8452999998762607e-05,
      "ksp_solve_time": 0.06886183000000301,
      "ksp_type": "gmres",
      "linear_iterations": 1,
      "linear_solve_time": 0.0691062759999852,
      "linear_solver_mode": "krylov",
      "load_value": 0.02,
      "mesh_resolution": "4x4x4",
      "mode": "baseline",
      "ndof_phi": 729,
      "ndof_u": 375,
      "newton_iteration_within_load": 2,
      "newton_step_walltime": 47.765726892,
      "nnz_Jphiphi": 0,
      "nnz_Jphiu": 0,
      "nnz_Juphi": 0,
      "nnz_Juu": 0,
      "nnz_global": 0,
      "outer_residual_norm_after_linear": 3.1559426103524963e-07,
      "outer_residual_norm_before_linear": 3.4643261480514616e-05,
      "pc_type": "ilu",
      "petsc_object_setup_time": 0.0,
      "phi_block_assembly_time": 0.20571284500000786,
      "relative_linear_reduction": 0.00910983110561799,
      "reused_fieldsplit_is": false,
      "reused_global_matrix": false,
      "reused_global_rhs_vec": false,
      "reused_ksp": false,
      "reused_subksp": false,
      "state_update_time": 0.2508015149999778,
      "struct_block_assembly_time": 0.008112762999999745,
      "total_dofs": 1104
    },
    {
      "accepted_state_index": 2,
      "assembly_time": 0.290595049999979,
      "bc_elimination_time": 0.00027849900001797323,
      "block_build_time": 58.85478519899999,
      "block_pc_name": "global_ilu",
      "build_path": "current",
      "contact_block_assembly_time": 0.27153747500000236,
      "global_matrix_allocation_time": 58.64357384099998,
      "global_matrix_fill_time": 58.64357384099998,
      "global_rhs_build_time": 0.0019431309999902169,
      "ksp_reason": 3,
      "ksp_setup_time": 2.807199999210752e-05,
      "ksp_solve_time": 0.06899000699999647,
      "ksp_type": "gmres",
      "linear_iterations": 1,
      "linear_solve_time": 0.06920863399997756,
      "linear_solver_mode": "krylov",
      "load_value": 0.02,
      "mesh_resolution": "4x4x4",
      "mode": "baseline",
      "ndof_phi": 729,
      "ndof_u": 375,
      "newton_iteration_within_load": 3,
      "newton_step_walltime": 59.46984604100001,
      "nnz_Jphiphi": 0,
      "nnz_Jphiu": 0,
      "nnz_Juphi": 0,
      "nnz_Juu": 0,
      "nnz_global": 0,
      "outer_residual_norm_after_linear": 2.875692730773067e-09,
      "outer_residual_norm_before_linear": 3.155942610337466e-07,
      "pc_type": "ilu",
      "petsc_object_setup_time": 0.0,
      "phi_block_assembly_time": 0.21674108600001318,
      "relative_linear_reduction": 0.00911199310581116,
      "reused_fieldsplit_is": false,
      "reused_global_matrix": false,
      "reused_global_rhs_vec": false,
      "reused_ksp": false,
      "reused_subksp": false,
      "state_update_time": 0.25465392399999587,
      "struct_block_assembly_time": 0.007317555999975411,
      "total_dofs": 1104
    },
    {
      "accepted_state_index": 3,
      "assembly_time": 0.29571405300001175,
      "bc_elimination_time": 0.0003235430000074757,
      "block_build_time": 50.935302603,
      "block_pc_name": "global_ilu",
      "build_path": "current",
      "contact_block_assembly_time": 0.2771993979999934,
      "global_matrix_allocation_time": 50.73372238499999,
      "global_matrix_fill_time": 50.73372238499999,
      "global_rhs_build_time": 0.0017883329999790476,
      "ksp_reason": 3,
      "ksp_setup_time": 2.7261000013822922e-05,
      "ksp_solve_time": 0.07060230199999751,
      "ksp_type": "gmres",
      "linear_iterations": 1,
      "linear_solve_time": 0.07075404500000104,
      "linear_solver_mode": "krylov",
      "load_value": 0.04,
      "mesh_resolution": "4x4x4",
      "mode": "baseline",
      "ndof_phi": 729,
      "ndof_u": 375,
      "newton_iteration_within_load": 1,
      "newton_step_walltime": 51.56276678599997,
      "nnz_Jphiphi": 0,
      "nnz_Jphiu": 0,
      "nnz_Juphi": 0,
      "nnz_Juu": 0,
      "nnz_global": 0,
      "outer_residual_norm_after_linear": 2.907271477676495e-05,
      "outer_residual_norm_before_linear": 0.003486726843316954,
      "pc_type": "ilu",
      "petsc_object_setup_time": 0.0,
      "phi_block_assembly_time": 0.20626640300002919,
      "relative_linear_reduction": 0.008338110807988566,
      "reused_fieldsplit_is": false,
      "reused_global_matrix": false,
      "reused_global_rhs_vec": false,
      "reused_ksp": false,
      "reused_subksp": false,
      "state_update_time": 0.26073823299998367,
      "struct_block_assembly_time": 0.007066970000010997,
      "total_dofs": 1104
    },
    {
      "accepted_state_index": 3,
      "assembly_time": 0.2986566199999743,
      "bc_elimination_time": 0.0003073219999691901,
      "block_build_time": 47.491318457000034,
      "block_pc_name": "global_ilu",
      "build_path": "current",
      "contact_block_assembly_time": 0.2808702429999812,
      "global_matrix_allocation_time": 47.28622987,
      "global_matrix_fill_time": 47.28622987,
      "global_rhs_build_time": 0.0017564629999924364,
      "ksp_reason": 3,
      "ksp_setup_time": 2.657999999655658e-05,
      "ksp_solve_time": 0.07175840799999378,
      "ksp_type": "gmres",
      "linear_iterations": 1,
      "linear_solve_time": 0.07196875900001487,
      "linear_solver_mode": "krylov",
      "load_value": 0.04,
      "mesh_resolution": "4x4x4",
      "mode": "baseline",
      "ndof_phi": 729,
      "ndof_u": 375,
      "newton_iteration_within_load": 2,
      "newton_step_walltime": 48.11984564900001,
      "nnz_Jphiphi": 0,
      "nnz_Jphiu": 0,
      "nnz_Juphi": 0,
      "nnz_Juu": 0,
      "nnz_global": 0,
      "outer_residual_norm_after_linear": 2.532955023467688e-07,
      "outer_residual_norm_before_linear": 2.9072714776760453e-05,
      "pc_type": "ilu",
      "petsc_object_setup_time": 0.0,
      "phi_block_assembly_time": 0.20960685900001863,