{
  "newton_rows": [
    {
      "active_contact_points": 100,
      "active_contact_points_after": 100,
      "assembly_time": 0.41225792500006264,
      "backend": "petsc_block",
      "basis_eval_or_tabulation_time": 0.00898033900170958,
      "bc_elimination_time": 0.0013357000000269181,
      "block_build_time": 0.4196880230000488,
      "block_pc_name": "global_ilu",
      "build_path": "optimized",
      "cell_geometry_cache_hit_count": 600,
      "cell_geometry_cache_miss_count": 0,
      "contact_active_filter_time": 4.1637000208538666e-05,
      "contact_block_assembly_time": 0.0768924330000118,
      "contact_gap_normal_eval_time": 4.427299893450254e-05,
      "contact_geometry_eval_avg_time": 0.0005122326299931501,
      "contact_geometry_eval_call_count": 100,
      "contact_geometry_eval_time": 0.05122326299931501,
      "contact_local_residual_time": 0.00034692400015501335,
      "contact_local_tangent_uphi_call_count": 100,
      "contact_local_tangent_uphi_time": 0.0030833420004228174,
      "contact_local_tangent_uu_call_count": 100,
      "contact_local_tangent_uu_time": 0.002867190999950253,
      "contact_quadrature_loop_time": 0.05137610199994924,
      "contact_query_avg_time": 0.0002764187800084983,
      "contact_query_cache_hit_count": 0,
      "contact_query_cache_miss_count": 100,
      "contact_query_call_count": 100,
      "contact_query_time": 0.02764187800084983,
      "contact_scatter_to_global_time": 8.936999620345887e-06,
      "contact_sensitivity_avg_time": 0.00021825229999649308,
      "contact_sensitivity_cache_hit_count": 0,
      "contact_sensitivity_cache_miss_count": 100,
      "contact_sensitivity_call_count": 100,
      "contact_sensitivity_time": 0.02182522999964931,
      "dofmap_lookup_time": 0.00017525699979614728,
      "function_cell_dof_cache_hit_count": 875,
      "function_cell_dof_cache_miss_count": 25,
      "global_matrix_allocation_time": 0.0,
      "global_matrix_fill_time": 0.0754443949999768,
      "global_rhs_build_time": 0.026567447999923388,
      "increment_norm": 0.0017575001303108283,
      "ksp_reason": 3,
      "ksp_setup_time": 0.0028384019999521115,
      "ksp_solve_time": 0.36482175600008304,
      "ksp_type": "gmres",
      "linear_converged": true,
      "linear_iterations": 1,
      "linear_solve_time": 0.3677555349999011,
      "linear_solver_mode": "krylov",
      "load_value": 0.02,
      "max_penetration": 0.02000000000000006,
      "max_penetration_after": 0.020000000000155824,
      "mesh_resolution": "5x5x5",
      "mode": "baseline",
      "ndof_phi": 1331,
      "ndof_u": 648,
      "negative_gap_sum": 0.019999999999999993,
      "negative_gap_sum_after": 0.01999999999990221,
      "newton_iteration": 1,
      "newton_step_walltime": 0.9972096679999822,
      "nnz_Jphiphi": 68921,
      "nnz_Jphiu": 12168,
      "nnz_Juphi": 12147,
      "nnz_Juu": 29903,
      "nnz_global": 106755,
      "numpy_temp_allocation_time": 0.01229746899980455,
      "outer_residual_norm_after_linear": 2.7569910990471217e-05,
      "outer_residual_norm_before_linear": 0.0032599386497294673,
      "pc_type": "ilu",
      "petsc_object_setup_time": 0.00032837200001267774,
      "phi_basis_tabulation_call_count": 0,
      "phi_basis_tabulation_time": 0.0,
      "phi_block_assembly_time": 0.31873737499995514,
      "phi_convert_time_K_phi_phi": 0.011102268999934495,
      "phi_convert_time_K_phi_u": 0.004900782999925468,
      "phi_dof_lookup_call_count": 0,
      "phi_dof_lookup_time": 0.0,
      "phi_extract_time_K_phi_phi": 0.0006106989999352663,
      "phi_extract_time_K_phi_u": 0.00017399400007889199,
      "phi_form_assembly_time": 0.297156998000105,
      "phi_form_cache_hit_count": 3,
      "phi_form_cache_miss_count": 0,
      "phi_form_call_count": 3,
      "phi_form_call_count_K_phi_phi": 1,
      "phi_form_call_count_K_phi_u": 1,
      "phi_form_call_count_R_phi": 1,
      "phi_form_time_K_phi_phi": 0.06422455500012347,
      "phi_form_time_K_phi_u": 0.2185343329999796,
      "phi_form_time_R_phi": 0.014398110000001907,
      "phi_geometry_helper_time": 0.0,
      "phi_kphiphi_convert_time": 0.011102268999934495,
      "phi_kphiphi_extract_time": 0.0006106989999352663,
      "phi_kphiphi_form_assembly_time": 0.06422455500012347,
      "phi_kphiu_convert_time": 0.004900782999925468,
      "phi_kphiu_extract_time": 0.00017399400007889199,
      "phi_kphiu_form_assembly_time": 0.2185343329999796,
      "phi_matrix_convert_call_count": 2,
      "phi_matrix_convert_call_count_K_phi_phi": 1,
      "phi_matrix_convert_call_count_K_phi_u": 1,
      "phi_matrix_convert_time": 0.016003051999859963,
      "phi_matrix_extract_call_count": 2,
      "phi_matrix_extract_call_count_K_phi_phi": 1,
      "phi_matrix_extract_call_count_K_phi_u": 1,
      "phi_matrix_extract_or_convert_time": 0.01678774499987412,
      "phi_matrix_extract_time": 0.0007846930000141583,
      "phi_residual_extract_time": 2.7349999527359614e-06,
      "phi_residual_form_assembly_time": 0.014398110000001907,
      "phi_rhs_assembly_time": 0.014398110000001907,
      "phi_rhs_extract_call_count": 1,
      "phi_rhs_extract_or_convert_time": 2.7349999527359614e-06,
      "phi_rhs_extract_time": 2.7349999527359614e-06,
      "reaction_norm": 0.0032599386497294673,
      "reaction_norm_after": 0.0032598816648626767,
      "relative_linear_reduction": 0.008457187067848397,
      "residual_norm": 2.7569910990471217e-05,
      "residual_norm_after": 2.7569910990471217e-05,
      "residual_norm_before": 0.0032599386497294673,
      "reuse_attempted": true,
      "reuse_failed_stage": "",
      "reuse_failure_message": "",
      "reused_fieldsplit_is": false,
      "reused_global_matrix": false,
      "reused_global_rhs_vec": false,
      "reused_ksp": false,
      "reused_subksp": false,
      "state_update_time": 0.10156612599996606,
      "step_length": 1.0,
      "struct_block_assembly_time": 0.0166281170000957,
      "surface_entity_iteration_time": 0.05135706399948958,
      "used_fallback": false,
      "vector_subfunction_cache_hit_count": 200,
      "vector_subfunction_cache_miss_count": 0
    }
  ],
  "summary": {
    "avg_contact_geometry_eval_time_per_call": 0.0005122326299931501,
    "block_pc_name": "global_ilu",
    "build_path": "optimized",
    "contact_query_avg_time_per_call": 0.0002764187800084983,
    "contact_query_cache_hit_rate": 0.0,
    "contact_sensitivity_avg_time_per_call": 0.00021825229999649308,
    "contact_sensitivity_cache_hit_rate": 0.0,
    "final_max_penetration": 0.020000000000155824,
    "final_reaction_norm": 0.0032598816648626767,
    "final_residual_norm": 2.7569910990471217e-05,
    "ksp_type": "gmres",
    "linear_solver_mode": "krylov",
    "mesh_resolution": "5x5x5",
    "mode": "baseline",
    "ndof_phi": 1331,
    "ndof_u": 648,
    "newton_iterations": 1,
    "pc_type": "ilu",
    "phi_cache_prime_enabled": true,
    "phi_cache_prime_time": 0.012259207000056449,
    "phi_form_cache_hit_rate": 1.0,
    "phi_matrix_assembly_backend": "cpp_petsc",
    "phi_profile_mode": "full",
    "phi_scatter_reuse": true,
    "single_newton_benchmark": true,
    "target_load": 0.02,
    "total_assembly_time": 0.41225792500006264,
    "total_basis_eval_or_tabulation_time": 0.00898033900170958,
    "total_block_build_time": 0.4196880230000488,
    "total_cell_geometry_cache_hit_count": 600,
    "total_cell_geometry_cache_miss_count": 0,
    "total_contact_active_filter_time": 4.1637000208538666e-05,
    "total_contact_block_assembly_time": 0.0768924330000118,
    "total_contact_gap_normal_eval_time": 4.427299893450254e-05,
    "total_contact_geometry_eval_avg_time": 0.0005122326299931501,
    "total_contact_geometry_eval_call_count": 100,
    "total_contact_geometry_eval_time": 0.05122326299931501,
    "total_contact_local_residual_time": 0.00034692400015501335,
    "total_contact_local_tangent_uphi_call_count": 100,
    "total_contact_local_tangent_uphi_time": 0.0030833420004228174,