{
  "newton_rows": [
    {
      "active_contact_points": 100,
      "active_contact_points_after": 100,
      "assembly_time": 0.47460078000000294,
      "backend": "petsc_block",
      "basis_eval_or_tabulation_time": 0.009752505000108158,
      "bc_elimination_time": 0.0018514500000037515,
      "block_build_time": 0.5270000160000166,
      "block_pc_name": "fieldsplit_schur_lower_selfp_ilu",
      "build_path": "optimized",
      "cell_geometry_cache_hit_count": 600,
      "cell_geometry_cache_miss_count": 0,
      "contact_active_filter_time": 4.600400001208982e-05,
      "contact_block_assembly_time": 0.08023454100001004,
      "contact_gap_normal_eval_time": 4.503500005625938e-05,
      "contact_geometry_eval_avg_time": 0.0005337678199995821,
      "contact_geometry_eval_call_count": 100,
      "contact_geometry_eval_time": 0.05337678199995821,
      "contact_local_residual_time": 0.00034608799978741445,
      "contact_local_tangent_uphi_call_count": 100,
      "contact_local_tangent_uphi_time": 0.0031089389999010564,
      "contact_local_tangent_uu_call_count": 100,
      "contact_local_tangent_uu_time": 0.002856729999820118,
      "contact_quadrature_loop_time": 0.05351989500002219,
      "contact_query_avg_time": 0.00028494882999893886,
      "contact_query_cache_hit_count": 0,
      "contact_query_cache_miss_count": 100,
      "contact_query_call_count": 100,
      "contact_query_time": 0.02849488299989389,
      "contact_scatter_to_global_time": 8.855999794832314e-06,
      "contact_sensitivity_avg_time": 0.00023085418000079016,
      "contact_sensitivity_cache_hit_count": 0,
      "contact_sensitivity_cache_miss_count": 100,
      "contact_sensitivity_call_count": 100,
      "contact_sensitivity_time": 0.023085418000079017,
      "dofmap_lookup_time": 0.00013617599998383412,
      "function_cell_dof_cache_hit_count": 875,
      "function_cell_dof_cache_miss_count": 25,
      "global_matrix_allocation_time": 0.0,
      "global_matrix_fill_time": 0.0818521740000051,
      "global_rhs_build_time": 0.08409115600002792,
      "increment_norm": 0.0017575001303108393,
      "ksp_reason": 3,
      "ksp_setup_time": 1.3357500089999803,
      "ksp_solve_time": 0.17135575800000424,
      "ksp_type": "gmres",
      "linear_converged": true,
      "linear_iterations": 2,
      "linear_solve_time": 1.5072135879999848,
      "linear_solver_mode": "krylov",
      "load_value": 0.02,
      "max_penetration": 0.02000000000000006,
      "max_penetration_after": 0.020000000000156167,
      "mesh_resolution": "5x5x5",
      "mode": "baseline",
      "ndof_phi": 1331,
      "ndof_u": 648,
      "negative_gap_sum": 0.019999999999999993,
      "negative_gap_sum_after": 0.01999999999990265,
      "newton_iteration": 1,
      "newton_step_walltime": 2.2527933519999976,
      "nnz_Jphiphi": 68921,
      "nnz_Jphiu": 12168,
      "nnz_Juphi": 12147,
      "nnz_Juu": 29903,
      "nnz_global": 106755,
      "numpy_temp_allocation_time": 0.012379780999992818,
      "outer_residual_norm_after_linear": 2.7569911995819792e-05,
      "outer_residual_norm_before_linear": 0.0032599386497294673,
      "pc_type": "fieldsplit",
      "petsc_object_setup_time": 0.00042128500001581415,
      "phi_basis_tabulation_call_count": 0,
      "phi_basis_tabulation_time": 0.0,
      "phi_block_assembly_time": 0.37394071499997494,
      "phi_dof_lookup_call_count": 0,
      "phi_dof_lookup_time": 0.0,
      "phi_form_assembly_time": 0.334094101000062,
      "phi_form_cache_hit_count": 0,
      "phi_form_cache_miss_count": 3,
      "phi_form_call_count": 3,
      "phi_geometry_helper_time": 0.0,
      "phi_kphiphi_convert_time": 0.016633706999982678,
      "phi_kphiphi_extract_time": 0.0008466069999997217,
      "phi_kphiphi_form_assembly_time": 0.08921128200000794,
      "phi_kphiu_convert_time": 0.00687870799998791,
      "phi_kphiu_extract_time": 3.899299997556227e-05,
      "phi_kphiu_form_assembly_time": 0.2257182430000455,
      "phi_matrix_convert_call_count": 2,
      "phi_matrix_convert_time": 0.023512414999970588,
      "phi_matrix_extract_call_count": 2,
      "phi_matrix_extract_or_convert_time": 0.024398014999945872,
      "phi_matrix_extract_time": 0.0008855999999752839,
      "phi_residual_extract_time": 4.609000001210006e-06,
      "phi_residual_form_assembly_time": 0.019164576000008537,
      "phi_rhs_assembly_time": 0.019164576000008537,
      "phi_rhs_extract_call_count": 1,
      "phi_rhs_extract_or_convert_time": 4.609000001210006e-06,
      "phi_rhs_extract_time": 4.609000001210006e-06,
      "reaction_norm": 0.0032599386497294673,
      "reaction_norm_after": 0.003259881664862601,
      "relative_linear_reduction": 0.008457187376243335,
      "residual_norm": 2.7569911995819792e-05,
      "residual_norm_after": 2.7569911995819792e-05,
      "residual_norm_before": 0.0032599386497294673,
      "reuse_attempted": true,
      "reuse_failed_stage": "",
      "reuse_failure_message": "",
      "reused_fieldsplit_is": true,
      "reused_global_matrix": false,
      "reused_global_rhs_vec": false,
      "reused_ksp": false,
      "reused_subksp": false,
      "state_update_time": 0.09050027399999294,
      "step_length": 1.0,
      "struct_block_assembly_time": 0.02042552400001796,
      "surface_entity_iteration_time": 0.05349994899995636,
      "used_fallback": false,
      "vector_subfunction_cache_hit_count": 200,
      "vector_subfunction_cache_miss_count": 0
    }
  ],
  "summary": {
    "avg_contact_geometry_eval_time_per_call": 0.0005337678199995821,
    "block_pc_name": "fieldsplit_schur_lower_selfp_ilu",
    "build_path": "optimized",
    "contact_query_avg_time_per_call": 0.00028494882999893886,
    "contact_query_cache_hit_rate": 0.0,
    "contact_sensitivity_avg_time_per_call": 0.00023085418000079016,
    "contact_sensitivity_cache_hit_rate": 0.0,
    "final_max_penetration": 0.020000000000156167,
    "final_reaction_norm": 0.003259881664862601,
    "final_residual_norm": 2.7569911995819792e-05,
    "ksp_type": "gmres",
    "linear_solver_mode": "krylov",
    "mesh_resolution": "5x5x5",
    "mode": "baseline",
    "ndof_phi": 1331,
    "ndof_u": 648,
    "newton_iterations": 1,
    "pc_type": "fieldsplit",
    "phi_form_cache_hit_rate": 0.0,
    "single_newton_benchmark": true,
    "target_load": 0.02,
    "total_assembly_time": 0.47460078000000294,
    "total_basis_eval_or_tabulation_time": 0.009752505000108158,
    "total_block_build_time": 0.5270000160000166,
    "total_cell_geometry_cache_hit_count": 600,
    "total_cell_geometry_cache_miss_count": 0,
    "total_contact_active_filter_time": 4.600400001208982e-05,
    "total_contact_block_assembly_time": 0.08023454100001004,
    "total_contact_gap_normal_eval_time": 4.503500005625938e-05,
    "total_contact_geometry_eval_avg_time": 0.0005337678199995821,
    "total_contact_geometry_eval_call_count": 100,
    "total_contact_geometry_eval_time": 0.05337678199995821,
    "total_contact_local_residual_time": 0.00034608799978741445,
    "total_contact_local_tangent_uphi_call_count": 100,
    "total_contact_local_tangent_uphi_time": 0.0031089389999010564,
    "total_contact_local_tangent_uu_call_count": 100,
    "total_contact_local_tangent_uu_time": 0.002856729999820118,
    "total_contact_quadrature_loop_time": 0.05351989500002219,
    "total_contact_query_avg_time": 0.00028494882999893886,
    "total_contact_query_cache_hit_count": 0,
    "total_contact_query_cache_miss_count": 100,
    "total_contact_query_call_count": 100,
    "total_contact_query_time": 0.02849488299989389,
    "total_contact_scatter_to_global_time": 8.855999794832314e-06,
    "total_contact_sensitivity_avg_time": 0.00023085418000079016,
    "total_contact_sensitivity_cache_hit_count": 0,
    "total_contact_sensitivity_cache_miss_count": 100,
    "total_contact_sensitivity_call_count": 100,
    "total_contact_sensitivity_time": 0.023085418000079017,
    "total_dofmap_lookup_time": 0.00013617599998383412,
    "total_dofs": 1979,