{
  "newton_rows": [
    {
      "active_contact_points": 100,
      "active_contact_points_after": 100,
      "assembly_time": 0.4200410190001094,
      "backend": "petsc_block",
      "basis_eval_or_tabulation_time": 0.009107575000143697,
      "bc_elimination_time": 0.001475239000228612,
      "block_build_time": 0.43596470299962675,
      "block_pc_name": "global_ilu",
      "build_path": "optimized",
      "cell_geometry_cache_hit_count": 600,
      "cell_geometry_cache_miss_count": 0,
      "contact_active_filter_time": 4.174600007900153e-05,
      "contact_block_assembly_time": 0.07713748500009387,
      "contact_gap_normal_eval_time": 4.5779000629408984e-05,
      "contact_geometry_eval_avg_time": 0.000520984260001569,
      "contact_geometry_eval_call_count": 100,
      "contact_geometry_eval_time": 0.052098426000156906,
      "contact_local_residual_time": 0.00035550500251702033,
      "contact_local_tangent_uphi_call_count": 100,
      "contact_local_tangent_uphi_time": 0.003245324001454719,
      "contact_local_tangent_uu_call_count": 100,
      "contact_local_tangent_uu_time": 0.0030015500010449614,
      "contact_quadrature_loop_time": 0.0522591700000703,
      "contact_query_avg_time": 0.0002793651299771227,
      "contact_query_cache_hit_count": 0,
      "contact_query_cache_miss_count": 100,
      "contact_query_call_count": 100,
      "contact_query_time": 0.02793651299771227,
      "contact_scatter_to_global_time": 8.968000202003168e-06,
      "contact_sensitivity_avg_time": 0.00022349361998749373,
      "contact_sensitivity_cache_hit_count": 0,
      "contact_sensitivity_cache_miss_count": 100,
      "contact_sensitivity_call_count": 100,
      "contact_sensitivity_time": 0.022349361998749373,
      "dofmap_lookup_time": 0.00013628199985760148,
      "function_cell_dof_cache_hit_count": 875,
      "function_cell_dof_cache_miss_count": 25,
      "global_matrix_allocation_time": 0.0,
      "global_matrix_fill_time": 0.08046109899987641,
      "global_rhs_build_time": 0.028256868999960716,
      "increment_norm": 0.0017575001303108283,
      "ksp_reason": 3,
      "ksp_setup_time": 7.421899999826564e-05,
      "ksp_solve_time": 0.41684297699976014,
      "ksp_type": "gmres",
      "linear_converged": true,
      "linear_iterations": 1,
      "linear_solve_time": 0.41702815100006774,
      "linear_solver_mode": "krylov",
      "load_value": 0.02,
      "max_penetration": 0.02000000000000006,
      "max_penetration_after": 0.020000000000155824,
      "mesh_resolution": "5x5x5",
      "mode": "baseline",
      "ndof_phi": 1331,
      "ndof_u": 648,
      "negative_gap_sum": 0.019999999999999993,
      "negative_gap_sum_after": 0.01999999999990221,
      "newton_iteration": 1,
      "newton_step_walltime": 1.0750709260000804,
      "nnz_Jphiphi": 68921,
      "nnz_Jphiu": 12168,
      "nnz_Juphi": 12147,
      "nnz_Juu": 29903,
      "nnz_global": 106755,
      "numpy_temp_allocation_time": 0.011156542001117487,
      "outer_residual_norm_after_linear": 2.7569910990471217e-05,
      "outer_residual_norm_before_linear": 0.0032599386497294673,
      "pc_type": "ilu",
      "petsc_object_setup_time": 0.00035486100023263134,
      "phi_basis_tabulation_call_count": 0,
      "phi_basis_tabulation_time": 0.0,
      "phi_block_assembly_time": 0.32870999099986875,
      "phi_convert_time_K_phi_phi": 0.0,
      "phi_convert_time_K_phi_u": 0.0,
      "phi_dof_lookup_call_count": 0,
      "phi_dof_lookup_time": 0.0,
      "phi_extract_time_K_phi_phi": 0.0,
      "phi_extract_time_K_phi_u": 0.0,
      "phi_form_assembly_time": 0.30436244699967574,
      "phi_form_cache_hit_count": 3,
      "phi_form_cache_miss_count": 0,
      "phi_form_call_count": 3,
      "phi_form_call_count_K_phi_phi": 0,
      "phi_form_call_count_K_phi_u": 0,
      "phi_form_call_count_R_phi": 0,
      "phi_form_time_K_phi_phi": 0.0,
      "phi_form_time_K_phi_u": 0.0,
      "phi_form_time_R_phi": 0.0,
      "phi_geometry_helper_time": 0.0,
      "phi_kphiphi_convert_time": 0.01216396000017994,
      "phi_kphiphi_extract_time": 0.0006394219999492634,
      "phi_kphiphi_form_assembly_time": 0.06770649799955208,
      "phi_kphiu_convert_time": 0.005276914000205579,
      "phi_kphiu_extract_time": 0.00011179900002389331,
      "phi_kphiu_form_assembly_time": 0.2215745519997654,
      "phi_matrix_convert_call_count": 2,
      "phi_matrix_convert_call_count_K_phi_phi": 0,
      "phi_matrix_convert_call_count_K_phi_u": 0,
      "phi_matrix_convert_time": 0.01744087400038552,
      "phi_matrix_extract_call_count": 2,
      "phi_matrix_extract_call_count_K_phi_phi": 0,
      "phi_matrix_extract_call_count_K_phi_u": 0,
      "phi_matrix_extract_or_convert_time": 0.018192095000358677,
      "phi_matrix_extract_time": 0.0007512209999731567,
      "phi_residual_extract_time": 3.776999619731214e-06,
      "phi_residual_form_assembly_time": 0.015081397000358265,
      "phi_rhs_assembly_time": 0.015081397000358265,
      "phi_rhs_extract_call_count": 1,
      "phi_rhs_extract_or_convert_time": 3.776999619731214e-06,
      "phi_rhs_extract_time": 3.776999619731214e-06,
      "reaction_norm": 0.0032599386497294673,
      "reaction_norm_after": 0.0032598816648626767,
      "relative_linear_reduction": 0.008457187067848397,
      "residual_norm": 2.7569910990471217e-05,
      "residual_norm_after": 2.7569910990471217e-05,
      "residual_norm_before": 0.0032599386497294673,
      "reuse_attempted": true,
      "reuse_failed_stage": "",
      "reuse_failure_message": "",
      "reused_fieldsplit_is": false,
      "reused_global_matrix": false,
      "reused_global_rhs_vec": false,
      "reused_ksp": false,
      "reused_subksp": false,
      "state_update_time": 0.11527055099986683,
      "step_length": 1.0,
      "struct_block_assembly_time": 0.014193543000146747,
      "surface_entity_iteration_time": 0.0522367830035364,
      "used_fallback": false,
      "vector_subfunction_cache_hit_count": 200,
      "vector_subfunction_cache_miss_count": 0
    }
  ],
  "summary": {
    "avg_contact_geometry_eval_time_per_call": 0.000520984260001569,
    "block_pc_name": "global_ilu",
    "build_path": "optimized",
    "contact_query_avg_time_per_call": 0.0002793651299771227,
    "contact_query_cache_hit_rate": 0.0,
    "contact_sensitivity_avg_time_per_call": 0.00022349361998749373,
    "contact_sensitivity_cache_hit_rate": 0.0,
    "final_max_penetration": 0.020000000000155824,
    "final_reaction_norm": 0.0032598816648626767,
    "final_residual_norm": 2.7569910990471217e-05,
    "ksp_type": "gmres",
    "linear_solver_mode": "krylov",
    "mesh_resolution": "5x5x5",
    "mode": "baseline",
    "ndof_phi": 1331,
    "ndof_u": 648,
    "newton_iterations": 1,
    "pc_type": "ilu",
    "phi_cache_prime_enabled": true,
    "phi_cache_prime_time": 0.0058679339999798685,
    "phi_form_cache_hit_rate": 1.0,
    "phi_matrix_assembly_backend": "python",
    "phi_profile_mode": "light",
    "phi_scatter_reuse": true,
    "single_newton_benchmark": true,
    "target_load": 0.02,
    "total_assembly_time": 0.4200410190001094,
    "total_basis_eval_or_tabulation_time": 0.009107575000143697,
    "total_block_build_time": 0.43596470299962675,
    "total_cell_geometry_cache_hit_count": 600,
    "total_cell_geometry_cache_miss_count": 0,
    "total_contact_active_filter_time": 4.174600007900153e-05,
    "total_contact_block_assembly_time": 0.07713748500009387,
    "total_contact_gap_normal_eval_time": 4.5779000629408984e-05,
    "total_contact_geometry_eval_avg_time": 0.000520984260001569,
    "total_contact_geometry_eval_call_count": 100,
    "total_contact_geometry_eval_time": 0.052098426000156906,
    "total_contact_local_residual_time": 0.00035550500251702033,
    "total_contact_local_tangent_uphi_call_count": 100,
    "total_contact_local_tangent_uphi_time": 0.003245324001454719,
    "total_contact_local_tangent_uu_call_count": 100,
    "total_contact_local_tangent_uu_time": 0.0030015500010449614,