{
  "newton_rows": [
    {
      "active_contact_points": 100,
      "active_contact_points_after": 100,
      "assembly_time": 0.4762632569999994,
      "backend": "petsc_block",
      "basis_eval_or_tabulation_time": 0.009178017000209593,
      "bc_elimination_time": 0.0017150460000152634,
      "block_build_time": 0.5295192600000007,
      "block_pc_name": "global_ilu",
      "build_path": "optimized",
      "cell_geometry_cache_hit_count": 600,
      "cell_geometry_cache_miss_count": 0,
      "contact_active_filter_time": 3.893899997819972e-05,
      "contact_block_assembly_time": 0.07885612199999059,
      "contact_gap_normal_eval_time": 4.440799995109046e-05,
      "contact_geometry_eval_avg_time": 0.0005241256599995836,
      "contact_geometry_eval_call_count": 100,
      "contact_geometry_eval_time": 0.05241256599995836,
      "contact_local_residual_time": 0.00033261800004424913,
      "contact_local_tangent_uphi_call_count": 100,
      "contact_local_tangent_uphi_time": 0.0030676130000699686,
      "contact_local_tangent_uu_call_count": 100,
      "contact_local_tangent_uu_time": 0.002811852999968778,
      "contact_quadrature_loop_time": 0.05256913399998098,
      "contact_query_avg_time": 0.0002801687999993874,
      "contact_query_cache_hit_count": 0,
      "contact_query_cache_miss_count": 100,
      "contact_query_call_count": 100,
      "contact_query_time": 0.028016879999938737,
      "contact_scatter_to_global_time": 8.933000003708003e-06,
      "contact_sensitivity_avg_time": 0.00022558424999914451,
      "contact_sensitivity_cache_hit_count": 0,
      "contact_sensitivity_cache_miss_count": 100,
      "contact_sensitivity_call_count": 100,
      "contact_sensitivity_time": 0.02255842499991445,
      "dofmap_lookup_time": 0.00015001699998151707,
      "function_cell_dof_cache_hit_count": 875,
      "function_cell_dof_cache_miss_count": 25,
      "global_matrix_allocation_time": 0.0,
      "global_matrix_fill_time": 0.0833892990000038,
      "global_rhs_build_time": 0.08356516599999964,
      "increment_norm": 0.0017575001303108283,
      "ksp_reason": 3,
      "ksp_setup_time": 0.0139760049999893,
      "ksp_solve_time": 0.37135147299997584,
      "ksp_type": "gmres",
      "linear_converged": true,
      "linear_iterations": 1,
      "linear_solve_time": 0.3854097109999941,
      "linear_solver_mode": "krylov",
      "load_value": 0.02,
      "max_penetration": 0.02000000000000006,
      "max_penetration_after": 0.020000000000155824,
      "mesh_resolution": "5x5x5",
      "mode": "baseline",
      "ndof_phi": 1331,
      "ndof_u": 648,
      "negative_gap_sum": 0.019999999999999993,
      "negative_gap_sum_after": 0.01999999999990221,
      "newton_iteration": 1,
      "newton_step_walltime": 1.1394393059999857,
      "nnz_Jphiphi": 68921,
      "nnz_Jphiu": 12168,
      "nnz_Juphi": 12147,
      "nnz_Juu": 29903,
      "nnz_global": 106755,
      "numpy_temp_allocation_time": 0.012072920999884218,
      "outer_residual_norm_after_linear": 2.7569910990471217e-05,
      "outer_residual_norm_before_linear": 0.0032599386497294673,
      "pc_type": "ilu",
      "petsc_object_setup_time": 0.00036105300000599527,
      "phi_basis_tabulation_call_count": 0,
      "phi_basis_tabulation_time": 0.0,
      "phi_block_assembly_time": 0.37705207300001575,
      "phi_dof_lookup_call_count": 0,
      "phi_dof_lookup_time": 0.0,
      "phi_form_assembly_time": 0.3362355880000223,
      "phi_form_cache_hit_count": 0,
      "phi_form_cache_miss_count": 3,
      "phi_form_call_count": 3,
      "phi_geometry_helper_time": 0.0,
      "phi_kphiphi_convert_time": 0.016072460999993154,
      "phi_kphiphi_extract_time": 0.0007801440000037019,
      "phi_kphiphi_form_assembly_time": 0.09042518200001837,
      "phi_kphiu_convert_time": 0.006997250000011945,
      "phi_kphiu_extract_time": 3.544599999827369e-05,
      "phi_kphiu_form_assembly_time": 0.2272294489999922,
      "phi_matrix_convert_call_count": 2,
      "phi_matrix_convert_time": 0.0230697110000051,
      "phi_matrix_extract_call_count": 2,
      "phi_matrix_extract_or_convert_time": 0.023885301000007075,
      "phi_matrix_extract_time": 0.0008155900000019756,
      "phi_residual_extract_time": 3.06600000499202e-06,
      "phi_residual_form_assembly_time": 0.018580957000011722,
      "phi_rhs_assembly_time": 0.018580957000011722,
      "phi_rhs_extract_call_count": 1,
      "phi_rhs_extract_or_convert_time": 3.06600000499202e-06,
      "phi_rhs_extract_time": 3.06600000499202e-06,
      "reaction_norm": 0.0032599386497294673,
      "reaction_norm_after": 0.0032598816648626767,
      "relative_linear_reduction": 0.008457187067848397,
      "residual_norm": 2.7569910990471217e-05,
      "residual_norm_after": 2.7569910990471217e-05,
      "residual_norm_before": 0.0032599386497294673,
      "reuse_attempted": true,
      "reuse_failed_stage": "",
      "reuse_failure_message": "",
      "reused_fieldsplit_is": false,
      "reused_global_matrix": false,
      "reused_global_rhs_vec": false,
      "reused_ksp": false,
      "reused_subksp": false,
      "state_update_time": 0.09707624399999304,
      "step_length": 1.0,
      "struct_block_assembly_time": 0.02035506199999304,
      "surface_entity_iteration_time": 0.052549462000115454,
      "used_fallback": false,
      "vector_subfunction_cache_hit_count": 200,
      "vector_subfunction_cache_miss_count": 0
    }
  ],
  "summary": {
    "avg_contact_geometry_eval_time_per_call": 0.0005241256599995836,
    "block_pc_name": "global_ilu",
    "build_path": "optimized",
    "contact_query_avg_time_per_call": 0.0002801687999993874,
    "contact_query_cache_hit_rate": 0.0,
    "contact_sensitivity_avg_time_per_call": 0.00022558424999914451,
    "contact_sensitivity_cache_hit_rate": 0.0,
    "final_max_penetration": 0.020000000000155824,
    "final_reaction_norm": 0.0032598816648626767,
    "final_residual_norm": 2.7569910990471217e-05,
    "ksp_type": "gmres",
    "linear_solver_mode": "krylov",
    "mesh_resolution": "5x5x5",
    "mode": "baseline",
    "ndof_phi": 1331,
    "ndof_u": 648,
    "newton_iterations": 1,
    "pc_type": "ilu",
    "phi_form_cache_hit_rate": 0.0,
    "single_newton_benchmark": true,
    "target_load": 0.02,
    "total_assembly_time": 0.4762632569999994,
    "total_basis_eval_or_tabulation_time": 0.009178017000209593,
    "total_block_build_time": 0.5295192600000007,
    "total_cell_geometry_cache_hit_count": 600,
    "total_cell_geometry_cache_miss_count": 0,
    "total_contact_active_filter_time": 3.893899997819972e-05,
    "total_contact_block_assembly_time": 0.07885612199999059,
    "total_contact_gap_normal_eval_time": 4.440799995109046e-05,
    "total_contact_geometry_eval_avg_time": 0.0005241256599995836,
    "total_contact_geometry_eval_call_count": 100,
    "total_contact_geometry_eval_time": 0.05241256599995836,
    "total_contact_local_residual_time": 0.00033261800004424913,
    "total_contact_local_tangent_uphi_call_count": 100,
    "total_contact_local_tangent_uphi_time": 0.0030676130000699686,
    "total_contact_local_tangent_uu_call_count": 100,
    "total_contact_local_tangent_uu_time": 0.002811852999968778,
    "total_contact_quadrature_loop_time": 0.05256913399998098,
    "total_contact_query_avg_time": 0.0002801687999993874,
    "total_contact_query_cache_hit_count": 0,
    "total_contact_query_cache_miss_count": 100,
    "total_contact_query_call_count": 100,
    "total_contact_query_time": 0.028016879999938737,
    "total_contact_scatter_to_global_time": 8.933000003708003e-06,
    "total_contact_sensitivity_avg_time": 0.00022558424999914451,
    "total_contact_sensitivity_cache_hit_count": 0,
    "total_contact_sensitivity_cache_miss_count": 100,
    "total_contact_sensitivity_call_count": 100,
    "total_contact_sensitivity_time": 0.02255842499991445,
    "total_dofmap_lookup_time": 0.00015001699998151707,
    "total_dofs": 1979,
    "total_function_cell_dof_cache_hit_count": 875,